Language_ID,Name,Glottocode,Latitude,Longitude,elevation_m
kore1280,Korean,kore1280,37.5,128.0,150.0
kett1243,Ket,kett1243,63.7551,87.5466,31.0
lakk1252,Lak,lakk1252,42.1328,47.0809,2011.0
kaba1278,Kabardian,kaba1278,43.5082,43.3918,1133.0
nucl1302,Georgian,nucl1302,41.850397,43.78613,1324.0
buru1296,Burushaski,buru1296,36.2161,74.8236,3375.0
kuru1302,Kurukh,kuru1302,24.4644,86.4657,277.0
telu1262,Telugu,telu1262,16.4529,78.7024,438.0
kota1263,Kota (India),kota1263,11.4978,76.9387,1385.0
mund1320,Mundari,mund1320,25.0391,87.1792,46.0
khar1287,Kharia,khar1287,22.3571,84.3922,379.0
khas1269,Khasi,khas1269,24.977,91.9998,38.0
seda1262,Sedang,seda1262,14.7793,108.027,1293.0
cent1989,Central Khmer,cent1989,12.0515,105.015,22.0
viet1252,Vietnamese,viet1252,20.681188,105.774071,5.0
mand1415,Mandarin Chinese,mand1415,40.0209,116.228,86.0
wuch1236,Wu Chinese,wuch1236,29.8621,119.682,161.0
hakk1236,Hakka Chinese,hakk1236,25.0,116.0,353.0
yuec1235,Yue Chinese,yuec1235,23.0,113.0,4.0
iumi1238,Iu Mien,iumi1238,20.83,101.17,1236.0
nyis1236,Nyishi-Hill Miri,nyis1236,27.278263,93.675529,908.0
nucl1310,Burmese,nucl1310,20.7926,93.9665,695.0
lahu1253,Lahu,lahu1253,21.2701,100.214,1398.0
garo1247,Garo,garo1247,25.2954,90.462,114.0
sgaw1245,S'gaw Karen,sgaw1245,17.9872,97.7126,250.0
lakk1238,Lakkia,lakk1238,24.1169,110.106,778.0
thai1261,Thai,thai1261,14.192,100.671,3.0
bouy1240,Bouyei,bouy1240,24.8484,106.187,785.0
west2650,Western Cham,west2650,12.4771,104.026,29.0
atay1247,Atayal,atay1247,24.5209,121.388,1908.0
plat1254,Plateau Malagasy,plat1254,-19.5907,47.1211,1653.0
stan1306,Standard Malay,stan1306,3.08896,101.699,52.0
bata1289,Batak Toba,bata1289,2.35498,99.1761,948.0
saba1265,Sa'ban,saba1265,3.58723,115.664,1000.0
sund1252,Sundanese,sund1252,-6.89708,107.106,493.0
java1254,Javanese,java1254,-0.572307,110.885,112.0
taga1270,Tagalog,taga1270,14.06,121.747,67.0
cham1312,Chamorro,cham1312,13.438011,144.74474,71.0
iaai1238,Iaai,iaai1238,-20.6301,166.59,18.0
adze1240,Adzera,adze1240,-6.39394,146.294,213.0
maor1246,Maori,maor1246,-38.2881,176.541,448.0
hawa1245,Hawaiian,hawa1245,19.6297,-155.43,2019.0
anta1253,Antakarinya,anta1253,-27.1152,134.838,175.0
nyan1301,Nyangumarta,nyan1301,-20.6271,121.391,259.0
kunj1245,Kunjen,kunj1245,-16.6807,143.53,159.0
mara1386,Maranunggu,mara1386,-13.6754,130.12,20.0
maun1240,Mawng,maun1240,-11.8393,133.185,24.0
nung1290,Wubuy,nung1290,-14.2623,135.753,6.0
alaw1244,Alawa,alaw1244,-15.5458,134.282,146.0
wikm1247,Wik-Mungkan,wikm1247,-13.98051,141.81611,30.0
nucl1632,Sentani,nucl1632,-2.6013,140.512,72.0
kwom1262,Kwoma,kwom1262,-4.08721,142.664,28.0
tamn1235,Tamnim Citak,tamn1235,-5.57962,139.233,22.0
tele1256,Telefol,tele1256,-5.07444,141.731,2129.0
gads1258,Gadsup,gads1258,-6.31631,145.997,1313.0
awiy1238,Awiyaana,awiy1238,-6.54079,145.76,1907.0
kuni1267,Kunimaipa,kuni1267,-8.09371,146.908,1871.0
sele1250,Selepet,sele1250,-6.03532,147.234,765.0
naas1242,Naasioi,naas1242,-6.46022,155.632,1840.0
aleu1260,Aleut,aleu1260,52.1228,-174.29,115.0
kala1399,Kalaallisut,kala1399,69.3761,-52.864,282.0
chip1261,Chipewyan,chip1261,58.3637,-110.832,257.0
tolo1259,Tolowa-Chetco,tolo1259,41.9192,-124.1,84.0
hupa1239,Hupa,hupa1239,41.0982,-123.68,136.0
nava1243,Navajo,nava1243,36.2106,-110.082,2111.0
nort2938,Northern Haida,nort2938,54.004532,-132.079257,81.0
squa1248,Squamish,squa1248,49.3231,-123.014,70.0
stra1244,Straits Salish,stra1244,48.51614,-123.757114,501.0
nuuc1236,Nuu-chah-nulth,nuuc1236,49.67,-126.67,665.0
kwak1269,Kwak'wala,kwak1269,50.9269,-127.308,96.0
east2542,Eastern Ojibwa,east2542,45.0112,-79.7503,216.0
unam1242,Unami,unam1242,35.0264,-98.3201,408.0
wich1260,Wichita,wich1260,35.0665,-98.1831,380.0
lako1247,Lakota,lako1247,46.3699,-103.95,837.0
sene1264,Seneca,sene1264,42.56,-77.53,427.0
onei1249,Oneida,onei1249,43.438742,-75.708106,374.0
yuch1247,Yuchi,yuch1247,35.96146,-95.03933,245.0
alab1237,Alabama,alab1237,30.76738,-94.62848,97.0
tuni1252,Tunica,tuni1252,30.9888,-92.5403,30.0
nezp1238,Nez Perce,nezp1238,46.3073,-116.408,1039.0
nort2952,Northeast Maidu,nort2952,40.4102,-120.645,1272.0
copa1236,Copainalá Zoque,copa1236,17.2157,-93.3183,525.0
papa1238,Papantla Totonac,papa1238,20.5671,-97.2554,88.0
taba1266,Tabasco Chontal,taba1266,18.1713,-92.7367,1.0
tzel1254,Tzeltal,tzel1254,16.6384,-92.2786,2103.0
pure1242,Purepecha,pure1242,19.2467,-101.631,2314.0
karo1304,Karok,karo1304,41.8228,-123.315,755.0
sout2982,Southeastern Pomo,sout2982,38.9354,-122.599,450.0
kumi1248,Tipai,kumi1248,32.331,-116.604,290.0
zuni1245,Zuni,zuni1245,35.0056,-108.782,2210.0
sout2961,Southern Tiwa,sout2961,34.7873,-106.661,1534.0
tewa1260,Rio Grande Tewa,tewa1260,35.9053,-106.124,1688.0
luis1253,Luiseno,luis1253,33.3184,-116.939,732.0
hopi1249,Hopi,hopi1249,35.7653,-110.535,1713.0
toho1245,Tohono O'odham,toho1245,31.7973,-111.995,641.0
mezq1235,Mezquital Otomi,mezq1235,20.2274,-99.5564,2383.0
cent2144,Central Mazahua,cent2144,19.7357,-100.018,2934.0
chiq1250,Chiquihuitlán Mazatec,chiq1250,18.0541,-96.6659,1866.0
sanm1295,San Miguel El Grande Mixtec,sanm1295,17.0777,-97.5432,2275.0
chac1249,Cha'palaa,chac1249,0.71489,-79.0508,142.0
paez1247,Páez,paez1247,2.61516,-76.3125,3417.0
iton1250,Itonama,iton1250,-12.80431,-64.35748,155.0
sout2991,South Bolivian Quechua,sout2991,-20.9201,-66.3331,4150.0
jaqa1244,Jaqaru,jaqa1244,-12.8823,-75.8958,2064.0
mapu1245,Mapudungun,mapu1245,-38.7392,-71.277,1545.0
isla1278,Island Carib,isla1278,15.364795,-61.342957,742.0
wapi1253,Wapishana,wapi1253,2.58744,-59.8021,132.0
wayu1243,Wayuu,wayu1243,11.395566,-72.199791,38.0
asha1243,Asháninka,asha1243,-11.9311,-73.9073,507.0
igna1246,Ignaciano,igna1246,-15.1188,-65.3993,156.0
yane1238,Yanesha',yane1238,-10.5454,-75.315,2456.0
shua1257,Shuar,shua1257,-3.45136,-78.1892,1274.0
waim1255,Waimaha,waim1255,0.30416,-70.1644,167.0
ticu1245,Ticuna,ticu1245,-3.66289,-69.8723,153.0
gali1262,Galibi Carib,gali1262,5.83772,-56.8323,8.0
ocai1244,Ocaina,ocai1244,-2.159,-72.1422,114.0
siri1273,Sirionó,siri1273,-15.5298,-63.9688,180.0
para1311,Paraguayan Guaraní,para1311,-25.60551,-57.08816,179.0
amah1246,Amahuaca,amah1246,-10.2012,-72.3208,449.0
chac1251,Chácobo,chac1251,-12.133,-66.7164,164.0
apin1244,Apinayé,apin1244,-6.10774,-47.6315,227.0
tari1263,Tarifiyt-Beni-Iznasen-Eastern Middle Atlas Berber,tari1263,34.916974,-3.430616,412.0
haus1257,Hausa,haus1257,11.1513,8.7804,596.0
ngas1240,Ngas,ngas1240,9.32042,9.46146,1113.0
marg1265,Marghi Central,marg1265,10.93854,13.0521,420.0
soma1255,Somali,soma1255,4.778704,45.152856,212.0
awng1244,Awngi,awng1244,10.9819,36.6916,2020.0
iraq1241,Iraqw,iraq1241,-4.19948,35.2939,1774.0
tigr1270,Tigre,tigr1270,17.3494,38.2233,2189.0
amha1245,Amharic,amha1245,11.708182,39.543456,3414.0
egyp1253,Egyptian Arabic,egyp1253,31.0,31.0,5.0
moro1292,Moroccan Arabic,moro1292,32.5,-7.5,357.0
malt1254,Maltese,malt1254,35.8884,14.4508,43.0
hebr1245,Modern Hebrew,hebr1245,31.1056,35.0179,510.0
libe1247,Liberia Kpelle,libe1247,6.92048,-9.96128,282.0
nucl1347,Wolof,nucl1347,15.2534,-15.383,47.0
dagb1246,Dagbani,dagb1246,9.64745,-0.43227,179.0
akan1250,Akan,akan1250,6.34756,-1.33254,176.0
gaaa1244,Ga,gaaa1244,5.65488,-0.18598,92.0
ewee1241,Ewe,ewee1241,6.46061,0.814975,119.0
nucl1417,Igbo,nucl1417,4.62705,7.23441,6.0
beem1239,Beembe,beem1239,-3.95895,14.1,381.0
swah1253,Swahili,swah1253,-8.25605,37.624,197.0
luva1239,Luvale,luva1239,-13.5382,22.2924,1074.0
zulu1248,Zulu,zulu1248,-25.3305,31.3512,531.0
gbay1287,Gbaya-Bossangoa,gbay1287,6.61896,17.645,475.0
koyr1242,Koyraboro Senni Songhai,koyr1242,16.9634,-0.55187,259.0
cent2050,Central Kanuri,cent2050,11.8863,16.3918,310.0
lugb1240,Lugbara,lugb1240,3.02245,30.8642,1217.0
nobi1240,Nobiin,nobi1240,22.8142,31.8376,275.0
luok1236,Luo (Kenya and Tanzania),luok1236,-0.93296,34.4896,1463.0
masa1300,Masai,masa1300,-3.1419,36.4573,1188.0
iris1253,Irish,iris1253,53.2186,-7.61509,85.0
bret1244,Breton,bret1244,48.2452,-3.78934,150.0
icel1247,Icelandic,icel1247,63.4837,-19.0212,303.0
norw1259,Norwegian Bokmål,norw1259,61.112,8.886,695.0
stan1293,English,stan1293,53.0,-1.0,18.0
stan1295,German,stan1295,48.649,12.4676,371.0
stan1290,French,stan1290,48.0,2.0,130.0
port1283,Portuguese,port1283,39.91,-8.1,445.0
stan1288,Spanish,stan1288,40.4414,-1.11788,1201.0
roma1327,Romanian,roma1327,46.3913,24.2256,332.0
russ1263,Russian,russ1263,59.0,50.0,181.0
bulg1262,Bulgarian,bulg1262,43.3646,25.047,99.0
lith1251,Lithuanian,lith1251,55.1429,23.9601,56.0
tosk1239,Northern Tosk Albanian,tosk1239,41.0,20.0,90.0
mode1248,Modern Greek,mode1248,42.3224,24.8699,189.0
nucl1235,Eastern Armenian,nucl1235,40.0,45.0,1864.0
west2369,Western Farsi,west2369,28.6593,55.1586,2201.0
cent1973,Central Pashto,cent1973,31.9153,69.4529,1054.0
kash1277,Kashmiri,kash1277,34.166825,74.330455,1626.0
panj1256,Eastern Panjabi,panj1256,30.0368,75.6702,226.0
hind1269,Hindi,hind1269,25.0,77.0,418.0
beng1280,Bengali,beng1280,24.0,90.0,11.0
sinh1246,Sinhala,sinh1246,8.0,81.0,50.0
basq1248,Basque,basq1248,43.2787,-1.31622,282.0
finn1318,Finnish,finn1318,64.7628,25.5577,15.0
east2328,Eastern Mari,east2328,55.8307,48.405,50.0
komi1268,Komi-Zyrian,komi1268,64.0527,54.946,177.0
hung1274,Hungarian,hung1274,46.9068585714,19.6555271429,115.0
khan1273,Kazym-Berezover-Suryskarer Khanty,khan1273,62.4308,66.1218,18.0
nene1249,Tundra Nenets,nene1249,66.1775,71.0234,42.0
nucl1301,Turkish,nucl1301,39.8667,32.8667,1140.0
nort2697,North Azerbaijani,nort2697,40.9777,46.4737,269.0
kirg1245,Kirghiz,kirg1245,42.0,74.0,3683.0
chuv1255,Chuvash,chuv1255,55.487,47.163,98.0
yaku1245,Sakha,yaku1245,61.6974,133.98,152.0
halh1238,Halh Mongolian,halh1238,48.324,106.289,1303.0
even1260,Even,even1260,70.6687,130.914,141.0
nort2745,Northern Yukaghir,nort2745,65.3874,151.318,50.0
gily1242,Nivkh,gily1242,52.59,140.681,363.0
chuk1273,Chukchi,chuk1273,68.6436,170.045,19.0
ainu1240,Hokkaido Ainu,ainu1240,43.633654,142.46167,222.0
nucl1643,Japanese,nucl1643,35.0,135.0,126.0
afad1236,Afade,afad1236,12.0551,14.6343,291.0
achu1247,Achumawi,achu1247,41.0979,-121.191,1255.0
east2379,Eastern Arrernte,east2379,-23.3583,135.046,713.0
amel1241,Amele,amel1241,-5.29126,145.687,166.0
anga1290,Angaataha,anga1290,-7.15012,146.352,1686.0
aghe1239,Aghem,aghe1239,6.38956,10.0807,1046.0
apro1235,Aproumu Aizi,apro1235,5.20273,-4.52192,8.0
ahte1237,Ahtena,ahte1237,61.7068,-144.889,397.0
akaw1239,Akawaio,akaw1239,6.16277,-60.862,968.0
qawa1238,Qawasqar,qawa1238,-49.703,-75.3756,262.0
alla1248,Alladian,alla1248,5.22371,-4.42647,12.0
hame1242,Hamer-Banna,hame1242,5.06515,36.5176,1008.0
amoo1242,Amo,amoo1242,10.3229,8.65405,782.0
alam1246,Alamblak,alam1246,-4.66307,143.316,78.0
guer1243,Guerrero Amuzgo,guer1243,16.77226,-98.18953,385.0
ando1256,Andoque,ando1256,-0.53751,-72.0869,178.0
apuc1241,A-Pucikwar,apuc1241,12.241,92.7965,40.0
arch1244,Archi,arch1244,42.3239,46.8267,1849.0
arab1268,Arabela,arab1268,-1.96126,-75.0612,174.0
waor1240,Waorani,waor1240,-1.12312,-76.683,249.0
avar1256,Avar,avar1256,41.7047,46.558,641.0
abip1241,Abipon,abip1241,-29.0,-61.0,55.0
bash1264,Bashkir,bash1264,53.5967,56.5594,238.0
bamb1269,Bambara,bamb1269,12.0401,-9.98949,383.0
baat1238,Baatonum,baat1238,9.63186,2.99607,374.0
bats1242,Bats,bats1242,42.1806,45.344,1016.0
nort2819,Northern Bobo Madaré,nort2819,12.4182,-4.47538,462.0
cent2004,Central Bai,cent2004,26.1666,99.7052,3025.0
bard1255,Bardi,bard1255,-16.6274,122.906,45.0
kohu1244,Kohumono,kohu1244,5.92596,7.96202,21.0
indo1317,Indonesian Bajau,indo1317,-3.68664,122.253,43.0
twee1234,Tweed-Albert,twee1234,-28.028726,153.286993,59.0
beja1238,Beja,beja1238,17.2436,36.6666,341.0
dalo1238,Daloa Bété,dalo1238,6.69281,-6.63944,238.0
biss1248,Bissa,biss1248,10.4257,-1.67332,260.0
baka1277,Bakairí,baka1277,-14.2628,-54.7034,424.0
bell1243,Bella Coola,bell1243,52.3448,-126.689,766.0
muin1242,Muinane,muin1242,-0.8652,-72.4249,178.0
bero1242,Berom,bero1242,9.67037,8.81221,1219.0
boro1282,Bororo,boro1282,-16.6029,-55.2004,174.0
lave1249,Brao,lave1249,14.5994,107.008,589.0
brah1256,Brahui,brah1256,28.5347,64.2991,1311.0
west2397,Western Bru,west2397,16.4906,104.754,160.0
bodo1269,Bodo-Mech,bodo1269,26.725455,89.333235,115.0
bura1267,Burarra,bura1267,-12.3061,134.365,35.0
qaqe1238,Qaqet,qaqe1238,-4.45258,151.702,959.0
brib1243,Bribri,brib1243,9.39794,-83.0539,778.0
cadd1256,Caddo,cadd1256,35.1826,-98.2634,371.0
niva1238,Nivaclé,niva1238,-22.8557,-61.7606,204.0
carn1240,Car Nicobarese,carn1240,9.18853,92.7671,30.0
nyah1250,Nyahkur,nyah1250,15.8909,101.515,568.0
cacu1241,Kakua,cacu1241,0.88778,-69.5659,160.0
mind1253,Min Dong Chinese,mind1253,26.0,119.5,3.0
quio1240,Quiotepec Chinantec,quio1240,17.5621,-96.602,1450.0
cher1273,Cherokee,cher1273,35.4664,-83.163,1209.0
uppe1439,Upper Chehalis,uppe1439,46.7981,-123.169,48.0
chua1250,Chuave,chua1250,-6.17824,145.139,2038.0
haka1240,Haka Chin,haka1240,22.8735,92.8208,868.0
cofa1242,Cofán,cofa1242,0.276675,-77.0643,343.0
wame1240,Wamey,wame1240,12.5421,-13.177,78.0
chua1256,Chuanqiandian Cluster Miao,chua1256,22.5638,101.95,1109.0
tedi1235,Tedim Chin,tedi1235,23.6079,93.519,1360.0
west2644,Western Highland Chatino,west2644,16.2495,-97.3244,1350.0
cube1242,Cubeo,cube1242,1.32382,-70.1939,198.0
cayu1262,Cayubaba,cayu1262,-13.2482,-65.4822,141.0
dang1274,Dangaleat,dang1274,12.1517,18.385,453.0
dann1241,Dan,dann1241,7.22812,-8.24535,329.0
darf1239,Dar Fur Daju,darf1239,12.2598,25.3127,609.0
daha1245,Dahalo,daha1245,-2.1843,40.37,20.0
dyir1250,Dyirbal,dyir1250,-17.4516,145.544,865.0
dier1241,Dieri,dier1241,-28.1667,138.0,19.0
nort2815,Northeastern Dinka,nort2815,9.27995,31.8392,393.0
lowe1415,Lower Grand Valley Dani,lowe1415,-4.25684,138.992,2951.0
nort2735,Northern Dong,nort2735,26.9944,109.204,506.0
doya1240,Doyayo,doya1240,8.68604,13.0768,310.0
ruka1240,Rukai,ruka1240,22.7738,120.844,1637.0
daur1238,Dagur,daur1238,48.0,124.0,169.0
toro1252,Toro So Dogon,toro1252,14.40749,-3.10006,278.0
dhuw1249,Dhuwal,dhuw1249,-12.7825,136.008,95.0
jola1263,Jola-Fonyi,jola1263,12.75752,-15.7354766667,30.0
efik1245,Efik,efik1245,4.89379,8.38121,13.0
ekar1243,Ekari,ekar1243,-3.88974,136.018,1518.0
cent2128,Central Siberian Yupik,cent2128,63.4308,-170.272,14.0
ejag1239,Ejagham,ejag1239,5.54442,8.90959,221.0
ewon1239,Ewondo,ewon1239,4.21141,11.93646,594.0
eyak1241,Eyak,eyak1241,60.4232,-144.762,13.0
fasu1242,Fasu,fasu1242,-6.62687,143.284,215.0
fiji1243,Fijian,fiji1243,-18.0,178.33,188.0
fefe1239,Fe'fe',fefe1239,5.18158,10.1442,1418.0
fuln1247,Fulniô,fuln1247,-9.02591,-37.1402,387.0
furr1244,Fur,furr1244,12.0455,23.6401,874.0
fwai1237,Fwâi,fwai1237,-20.6873,164.901,112.0
gara1269,Garrwa,gara1269,-17.4504,137.72014,203.0
gbag1258,Gbagyi,gbag1258,9.29842,6.90495,260.0
qaua1234,Central Gelao-Qau,qaua1234,26.155438,106.16455,1262.0
nana1257,Nanai,nana1257,48.4343,134.797,36.0
dawr1236,Dawro,dawr1236,6.95,37.0,1929.0
guah1255,Guahibo,guah1255,5.81736,-68.9839,90.0
guam1248,Guambiano,guam1248,2.55849,-76.582,1719.0
ache1246,Aché,ache1246,-25.5865,-56.4697,159.0
kuku1273,Kuku-Yalanji,kuku1273,-16.0036,145.188,241.0
hixk1239,Hixkaryána,hixk1239,-0.16265,-58.80153,330.0
hadz1240,Hadza,hadz1240,-3.83115,35.0458,1275.0
huas1242,Huastec,huas1242,21.6153,-98.5028,68.0
sanm1287,San Mateo del Mar Huave,sanm1287,16.2129,-95.0077,9.0
iban1264,Iban,iban1264,2.09041,112.934,110.0
izon1238,Izon,izon1238,5.17986,5.51702,8.0
ikkk1242,Ik,ikkk1242,3.61407,34.2507,1735.0
irar1238,Irarutu,irar1238,-2.94438,133.586,73.0
iran1263,Irántxe-Münkü,iran1263,-12.7178,-57.9806,407.0
isok1239,Isoko,isok1239,5.52889,6.24682,13.0
itel1242,Itelmen,itel1242,56.7798,156.906,67.0
ivat1242,Itbayat,ivat1242,20.3848,121.975,145.0
iwam1256,Iwam,iwam1256,-4.27346,141.817,24.0
popt1235,Popti',popt1235,15.6609,-91.6633,2103.0
yany1243,Yanyuwa,yany1243,-15.7621,136.055,53.0
jebe1250,Jebero,jebe1250,-5.40317,-76.4103,241.0
toll1241,Tol,toll1241,14.6686,-87.0372,772.0
japr1238,Japrería,japr1238,10.5523,-72.7101,950.0
kach1280,Southern Jinghpaw,kach1280,25.4634,97.3278,145.0
cams1241,Camsá,cams1241,1.14537,-76.8931,2374.0
gras1249,Grass Koiari,gras1249,-9.51218,147.437,767.0
kafa1242,Kafa,kafa1242,7.34022,36.1718,1729.0
dera1245,Dera (Indonesia),dera1245,-3.52309,140.947,322.0
kekc1242,Kekchí,kekc1242,15.3788,-89.2452,27.0
kera1255,Kera,kera1255,9.88165,15.1419,324.0
koya1251,Koya,koya1251,17.6772,81.2096,120.0
kain1272,Kaingang,kain1272,-27.7671,-52.5394,645.0
luuu1242,Lü,luuu1242,21.0321,101.282,1128.0
lusi1240,Lusi,lusi1240,-5.55033,149.148,55.0
kiow1266,Kiowa,kiow1266,34.9403,-98.9042,445.0
sout2949,Southern Kiwai,sout2949,-8.64889,143.244,32.0
khmu1256,Khmu,khmu1256,20.2463,101.671,971.0
west2632,Western Keres,west2632,34.9733,-107.517,1848.0
east2516,East Kewa,east2516,-6.32989,143.931,1922.0
teke1280,Teke-Kukuya,teke1280,-2.27122,14.4407,554.0
klam1254,Klamath-Modoc,klam1254,42.5861,-121.704,1299.0
klao1243,Klao,klao1243,6.87233,-10.9214,58.0
nort2641,Northern Kurdish,nort2641,37.0,43.0,701.0
dera1248,Dera (Nigeria),dera1248,10.072,12.0256,188.0
konk1267,Maharashtrian Konkani,konk1267,19.2414,73.9166,722.0
kpan1246,Kpan,kpan1246,7.58343,10.1642,134.0
koho1244,Koho,koho1244,11.6444,108.057,866.0
kory1246,Koryak,kory1246,63.8977,166.695,146.0
kups1238,Kupsabiny,kups1238,1.33197,34.5991,2693.0
kalk1246,Kalkutung,kalk1246,-21.0,139.5,268.0
juho1239,South-Eastern Ju,juho1239,-19.688,20.7673,1160.0
kuna1268,Kunama,kuna1268,14.5879,37.5292,1029.0
bord1248,Border Kuna,bord1248,7.92993,-77.1664,439.0
kwai1243,Kwaio,kwai1243,-8.93744,160.965,570.0
lele1264,Lelemi,lele1264,7.34549,0.50746,526.0
peve1243,Peve,peve1243,9.16111,14.441,326.0
lush1252,Northern Lushootseed,lush1252,48.42,-122.529,78.0
maxa1247,Maxakalí,maxa1247,-16.9402,-40.7891,302.0
came1252,Donga Mambila,came1252,6.43829,11.41953,779.0
mbum1254,Mbum,mbum1254,7.5789,14.2722,832.0
maba1277,Maba (Chad),maba1277,12.89147,20.8889,504.0
dizi1235,Dizin,dizi1235,6.1405,35.5763,2088.0
mbaa1245,Mba,mbaa1245,1.06885,25.143,446.0
mogh1245,Mogholi,mogh1245,34.2504,62.2802,941.0
tuuu1240,Tu,tuuu1240,36.8177,102.117,2741.0
manc1252,Manchu,manc1252,47.3122,126.557,189.0
morb1239,Mor (Bomberai Peninsula),morb1239,-2.85747,132.845,28.0
moro1285,Moro,moro1285,10.9194,30.2138,735.0
mull1237,Mullukmulluk,mull1237,-13.2973,130.615,40.0
dadi1250,Dadibi,dadi1250,-6.65765,144.511,1260.0
west2600,West Makian,west2600,0.45332,127.63,379.0
mara1404,Maranao,mara1404,7.79414,124.175,982.0
toto1305,Totontepec Mixe,toto1305,17.2157,-96.0179,1385.0
murl1244,Murle,murl1244,6.69756,33.988,446.0
murr1258,Murriny Patha,murr1258,-14.74852,129.70152,5.0
kala1377,Kala Lagaw Ya,kala1377,-10.6748,142.196,146.0
pira1253,Pirahã,pira1253,-6.77713,-61.8167,78.0
nucl1240,Mumuye,nucl1240,8.90347,11.71545,542.0
movi1243,Movima,movi1243,-13.8115,-65.6348,146.0
sout2994,Southern Nambikuára,sout2994,-14.3707,-59.5187,688.0
minn1241,Min Nan Chinese,minn1241,24.5,118.17,34.0
nama1264,Nama (Namibia),nama1264,-25.0747,17.9767,1168.0
naxi1245,Naxi,naxi1245,27.5,100.0,3603.0
nort2957,Northern Puebla Nahuatl,nort2957,20.1356,-97.9814,1486.0
ndut1239,Ndut,ndut1239,14.925,-16.9811,32.0
east1436,Eastern Pahari,east1436,27.5947033333,87.6200833333,3203.0
newa1246,Kathmandu Valley Newari,newa1246,27.2614,84.9577,288.0
ngiz1242,Ngizim,ngiz1242,12.1051,11.0178,356.0
noon1243,Noone,noon1243,6.37256,10.5707,1287.0
niel1243,Niellim,niel1243,9.70362,17.81346,354.0
ngan1291,Nganasan,ngan1291,73.1354,86.2106,52.0
nucl1633,Nimboran,nucl1633,-2.5803,140.179,62.0
aona1235,Ao Naga,aona1235,26.3241,94.3824,582.0
nara1262,Nara,nara1262,15.3251,37.499,793.0
nung1283,Nung (Viet Nam),nung1283,20.8965,104.286,705.0
amas1236,Ama (Sudan),amas1236,12.0993,29.4332,695.0
nyan1313,Nyang'i,nyan1313,3.4997,33.73651,1364.0
ogbi1239,Ogbia,ogbi1239,4.75352,6.34034,18.0
ormu1247,Ormuri,ormu1247,32.6819,69.3444,2275.0
paco1243,Pacoh,paco1243,16.3353,107.094,785.0
pech1241,Pech,pech1241,15.8033,-85.558,379.0
enap1235,Panare,enap1235,6.95035,-65.8483,52.0
pohn1238,Pohnpeian,pohn1238,6.87212,158.223,526.0
para1301,South Wa,para1301,22.8658,99.375,1901.0
paiw1248,Paiwan,paiw1248,22.3271,120.806,601.0
pwon1235,Pwo Northern Karen,pwon1235,18.016,98.2709,1088.0
quil1240,Quileute,quil1240,47.9106,-124.603,12.0
resi1247,Resígaro,resi1247,-2.48139,-71.3578,128.0
roto1249,Rotokas,roto1249,-5.94339,155.154,288.0
waim1251,Waima,waim1251,-8.67145,146.544,13.0
rutu1240,Rutul,rutu1240,41.6187,47.3244,2012.0
sand1273,Sandawe,sand1273,-5.26918,35.4808,1204.0
sang1328,Sango,sang1328,6.78584,20.1702,504.0
ceba1235,Cebaara Senoufo,ceba1235,9.50768,-6.15264,388.0
selk1253,Selkup,selk1253,59.9409,82.3004,82.0
nina1238,Ninam,nina1238,4.03894,-62.7801,557.0
tach1250,Tachelhit,tach1250,29.7854,-7.77879,942.0
shus1248,Shuswap,shus1248,50.8734,-119.667,649.0
shas1239,Shasta,shas1239,41.7587,-122.738,1119.0
epen1239,Epena,epen1239,4.25877,-77.3566,18.0
sout2985,Southern Sierra Miwok,sout2985,38.2363,-120.507,780.0
sali1298,Sáliba,sali1298,5.30115,-69.3843,122.0
sout2674,South Saami,sout2674,62.8801,13.7006,729.0
sion1247,Siona-Tetete,sion1247,0.31733,-76.0237,232.0
soqo1240,Soqotri,soqo1240,12.4892,53.9168,940.0
natu1246,Natügu,natu1246,-10.6771,165.835,0.0
suen1241,Suena,suen1241,-7.76339,147.534,101.0
savo1255,Savosavo,savo1255,-9.12853,159.814,377.0
suii1243,Sui,suii1243,24.0488,106.563,276.0
east2347,Eastern Tamang,east2347,27.3239,87.0832,1875.0
aika1237,Aikanã,aika1237,-12.6695,-60.5353,523.0
gaam1241,Gaam,gaam1241,11.4674,33.9797,939.0
tulu1258,Tulu,tulu1258,12.8114,75.2651,77.0
tehu1242,Tehuelche,tehu1242,-47.5796,-68.3235,296.0
timn1235,Timne,timn1235,8.90294,-12.3331,47.0
nucl1339,Temein,nucl1339,11.8275,29.3898,807.0
tetu1245,Tetum,tetu1245,-9.11217,125.528,329.0
tiga1245,Tigak,tiga1245,-2.70951,150.893,38.0
taha1241,Tahaggart Tamahaq,taha1241,22.5908,8.73169,759.0
tiwi1244,Tiwi,tiwi1244,-11.6308,130.949,66.0
tiru1241,Tiruray,tiru1241,6.77321,124.127,442.0
tlin1245,Tlingit,tlin1245,59.4447,-135.29,653.0
talo1250,Tasomi-Tata,talo1250,10.6453,30.4815,478.0
tama1331,Tama (Chad),tama1331,14.332,21.9951,1043.0
taca1256,Tacana,taca1256,-13.39249,-68.04056,202.0
lena1238,Lenakel,lena1238,-19.4763,169.261,215.0
tamp1252,Tampulma,tamp1252,9.75577,-1.35467,131.0
acat1239,Acatepec Me'phaa,acat1239,17.1034,-99.0602,615.0
trum1247,Trumai,trum1247,-11.8119,-53.5717,285.0
toar1246,Toaripi,toar1246,-8.07231,146.206,6.0
tonk1249,Tonkawa,tonk1249,30.25,-96.75,89.0
lish1246,Lishán Didán,lish1246,38.0,47.0,1637.0
nucl1649,Southern-Coastal Tsimshian,nucl1649,52.59103,-128.544545,175.0
tsou1248,Tsou,tsou1248,23.216,120.787,841.0
tera1251,Tera,tera1251,11.0376,11.80953,364.0
nort1550,Taos Northern Tiwa,nort1550,36.4277,-105.604,2133.0
tuvi1240,Tuvinian,tuvi1240,48.436,92.6693,1433.0
ngar1284,Ngarinyin,ngar1284,-16.4006,126.433,513.0
nort2690,Northern Uzbek,nort2690,43.7489,59.231,53.0
vani1248,Vanimo,vani1248,-2.68501,141.258,203.0
mbab1239,Mbabaram,mbab1239,-20.1389,143.438,336.0
wapp1239,Wappo,wapp1239,38.25,-122.5,48.0
wara1303,Warao,wara1303,7.50851,-59.3528,23.0
nucl1620,Wahgi,nucl1620,-6.11629,144.665,2239.0
wint1259,Wintu,wint1259,39.7176,-122.445,159.0
wiyo1248,Wiyot,wiyo1248,39.2492,-122.952,453.0
want1252,Wantoat,want1252,-6.15216,146.513,1953.0
usan1239,Usan,usan1239,-4.84265,145.362,748.0
kama1365,Kamang,kama1365,-8.26897,124.792,863.0
wari1266,Waris,wari1266,-3.139,140.931,635.0
wara1290,Warray,wara1290,-13.0941,131.236,26.0
bert1248,Berta,bert1248,10.6474,34.7042,865.0
wang1291,Ngiyambaa,wang1291,-30.6481,146.18,152.0
kawa1283,Kawaiisu,kawa1283,36.0538,-118.679,1501.0
komo1258,Komo (Sudan),komo1258,8.94162,34.0939,741.0
katc1249,Katcha-Kadugli-Miri,katc1249,10.8423,29.4914,468.0
yagu1244,Yagua,yagu1244,-3.42913,-72.2186,102.0
yaqu1251,Yaqui,yaqu1251,29.9446,-110.681,786.0
yucu1253,Yucuna,yucu1253,-0.76075,-71.0033,151.0
taro1263,Tarok,taro1263,8.98356,10.0288,210.0
yaga1260,Yagaria,yaga1260,-6.32432,145.388,1834.0
yidi1250,Yidiñ,yidi1250,-17.1332,145.876,8.0
yana1271,Yana,yana1271,39.2769,-121.608,24.0
yoru1245,Yoruba,yoru1245,7.15345,3.67225,114.0
yare1248,Yareba,yare1248,-9.50651,148.605,223.0
yess1239,Yessan-Mayo,yess1239,-4.15721,142.574,19.0
yuca1254,Yucatec Maya,yuca1254,18.7757,-88.9567,83.0
yulu1243,Yulu,yulu1243,8.04124,23.6166,675.0
nucl1454,Yawa,nucl1454,-1.77196,136.263,763.0
zand1248,Zande,zand1248,4.62047,26.7157,636.0
abid1235,Abidji,abid1235,5.65656,-4.58421,93.0
adio1239,Adioukrou,adio1239,5.38228,-4.52522,72.0
ajab1235,Aja (Benin),ajab1235,7.06634,1.64992,154.0
anyi1244,Anyin Morofo,anyi1244,6.1627,-4.64232,78.0
igoo1238,Igo,igoo1238,7.25499,0.67846,727.0
akoo1248,Akoose,akoo1248,4.9243,9.65522,879.0
anuf1239,Anufo,anuf1239,10.2839,0.56021,135.0
suda1236,Sudanese Arabic,suda1236,17.8021,33.3179,502.0
avok1242,Avokaya,avok1242,4.38639,29.9379,852.0
veng1238,Vengo,veng1238,6.11403,10.4137,1694.0
bafu1246,Bafut,bafu1246,6.14153,10.1194,774.0
baka1272,Baka (Cameroon),baka1272,2.16013,13.7804,550.0
band1345,Banda-Ndélé,band1345,8.03339,23.9021,816.0
band1352,Bandi,band1352,7.73729,-10.1684,384.0
baou1238,Baoulé,baou1238,5.42509,-4.76565,6.0
basa1284,Basa (Cameroon),basa1284,3.80765,10.4213,146.0
nucl1418,Bassa,nucl1418,7.27501,-11.543,49.0
ntch1242,Ntcham,ntch1242,9.23971,0.599275,243.0
gagn1235,Gagnoa Bété,gagn1235,6.10051,-5.9701,209.0
bekw1241,Bekwarra,bekw1241,6.73737,8.86489,99.0
beng1286,Beng,beng1286,7.78122,-4.23539,216.0
bhel1238,Bhele,bhel1238,0.24553,28.6681,1153.0
bial1238,Biali,bial1238,11.0382,1.08259,147.0
bimo1239,Bimoba,bimo1239,10.4575,0.06121,176.0
boko1266,Boko (Benin),boko1266,10.5189,3.71771,317.0
hain1253,Hainyaxo Bozo,hain1253,13.8734,-5.65085,278.0
bulu1251,Bulu (Cameroon),bulu1251,3.16141,11.6365,699.0
cerm1238,Cerma,cerm1238,10.1245,-4.94917,310.0
chum1261,Chumburung,chum1261,8.15211,-0.2755,90.0
nucl1683,Daba,nucl1683,10.3521,13.6318,816.0
sout2789,Central Dagaare,sout2789,10.4226,-2.52265,339.0
nort2780,Northern Dagara,nort2780,11.0441,-3.0124,300.0
adan1247,Adangme,adan1247,5.9437,0.13243,51.0
daza1242,Dazaga,daza1242,15.7358,15.8517,305.0
lako1244,Lakota Dida,lako1244,5.86012,-5.40633,155.0
dyul1238,Dyula,dyul1238,10.4536,-4.72007,271.0
dita1238,Ditammari,dita1238,10.1614,1.18045,315.0
dual1243,Duala,dual1243,4.10208,9.61877,3.0
duru1249,Duruma,duru1249,-4.09629,39.322,216.0
ebir1243,Ebira,ebir1243,8.15516,7.06183,197.0
bini1246,Bini,bini1246,6.40701,5.70426,114.0
emai1241,Emai-Iuleha-Ora,emai1241,7.09089,5.84494,140.0
enge1239,Engenni,enge1239,5.11931,6.37339,17.0
fonn1241,Fon,fonn1241,7.15484,1.66495,151.0
adam1253,Adamawa Fulfulde,adam1253,8.140326,13.077338,366.0
cent2018,Central-Eastern Niger Fulfulde,cent2018,15.0907,8.43261,468.0
maas1239,Maasina Fulfulde,maas1239,11.1324,-3.64763,300.0
west2454,Western Niger Fulfulde,west2454,14.2471,-0.52004,291.0
fuli1240,Fuliiru,fuli1240,-3.04022,28.9865,1645.0
ngan1299,Ngangam,ngan1299,10.2523,0.70509,160.0
nort2775,Northwest Gbaya,nort2775,5.9503,15.2569,953.0
genn1243,Gen,genn1243,6.25971,1.67727,3.0
godi1239,Godié,godi1239,5.3944,-5.82696,204.0
gonj1241,Gonja,gonj1241,8.48801,-0.72757,91.0
nort2810,Northern Grebo,nort2810,5.17103,-8.1409,234.0
gude1246,Gude,gude1246,10.2138,13.403,882.0
gour1243,Gourmanchéma,gour1243,11.6711,1.28489,198.0
hang1258,Hanga,hang1258,9.33929,-1.57833,155.0
ifee1241,Ifè,ifee1241,7.63568,1.58494,213.0
iged1239,Igede,iged1239,6.95522,8.27362,72.0
sout2774,Southeast Ijo,sout2774,4.44235,6.32192,5.0
izii1239,Izi,izii1239,6.33,8.0,70.0
jurm1239,Jur Modo,jurm1239,6.03321,29.974,488.0
kabi1261,Kabiyé,kabi1261,8.96816,0.495023,194.0
kako1242,Kako,kako1242,3.79989,15.6282,624.0
baan1242,Baangi,baan1242,10.8083,5.7261,406.0
west2466,Western Karaboro,west2466,10.6298,-4.76482,289.0
kara1478,Karang,kara1478,8.01727,15.2114,599.0
kase1253,Kasem,kase1253,11.0824,-1.39076,273.0
koon1245,Koonzime,koon1245,3.25933,13.54152,672.0
kiku1240,Kikuyu,kiku1240,-0.29005,36.719,2818.0
nort2765,Northern Kissi,nort2765,8.7283,-10.4063,411.0
komc1235,Kom (Cameroon),komc1235,6.2596,10.3348,1779.0
komo1260,Komo (Democratic Republic of Congo),komo1260,-0.76333,26.7144,597.0
konk1269,Konkomba,konk1269,9.82224,0.2783,145.0
guin1254,Guinea Kpelle,guin1254,7.93196,-8.98843,449.0
gbay1288,Gbaya (Sudan),gbay1288,8.43391,25.5173,588.0
krio1253,Krio,krio1253,10.8811,-14.3204,9.0
tepo1239,Tepo Krumen,tepo1239,5.16267,-7.66346,185.0
kuri1259,Kuria,kuri1259,-1.50636,34.5049,1174.0
kusa1250,Kusaal,kusa1250,10.9703,-0.38756,170.0
lama1275,Lama (Togo),lama1275,8.66954,0.833293,455.0
lele1276,Lele (Chad),lele1276,9.158,15.81149,403.0
lend1245,Lendu,lend1245,2.1898,30.6794,1681.0
loma1260,Loma (Liberia),loma1260,7.91585,-9.69906,464.0
loko1255,Loko,loko1255,9.11838,-12.1583,93.0
ligb1244,Ligbi,ligb1244,7.94291,-2.56353,318.0
west2450,West-Central Limba,west2450,9.52392,-12.3138,60.0
limb1268,Limbum,limb1268,6.58608,10.9802,1068.0
ling1263,Lingala,ling1263,1.40324,19.7829,341.0
lukp1238,Lukpa,lukp1238,9.51949,1.66954,395.0
gand1255,Ganda,gand1255,0.66884,32.15153,1273.0
lyel1241,Lyélé,lyel1241,12.4305,-2.59229,273.0
nige1255,Western Mambila,nige1255,6.69736,11.3161,1298.0
mamp1244,Mampruli,mamp1244,10.3884,-0.74675,148.0
west2500,Western Maninkakan,west2500,13.5677,-12.8009,67.0
east2426,Eastern Maninkakan,east2426,9.33048,-10.5394,641.0
mang1394,Mangbetu,mang1394,2.5511,27.0712,740.0
kita1249,Kita Maninkakan,kita1249,13.1798,-9.49151,333.0
mund1326,Mündü,mund1326,4.22755,29.9967,871.0
cros1244,Cross River Mbembe,cros1244,6.16926,8.23592,42.0
mboc1235,Mbo (Cameroon),mboc1235,5.13981,9.92766,832.0
maka1304,Makaa,maka1304,4.15471,13.0789,692.0
mend1266,Mende (Sierra Leone),mend1266,7.90935,-10.9926,167.0
meta1238,Meta',meta1238,5.88942,9.87416,1040.0
mama1271,Mamara Senoufo,mama1271,12.4871,-5.28245,324.0
degg1238,Deg,degg1238,8.43846,-2.28724,162.0
mofu1248,Mofu-Gudur,mofu1248,10.567,14.0314,797.0
moss1236,Mossi,moss1236,10.4524,-1.17278,149.0
mwan1250,Mwan,mwan1250,7.87533,-5.94577,283.0
mund1327,Mundani,mund1327,5.68073,9.91533,349.0
kitu1245,Kituba (Congo),kitu1245,-4.15654,14.5648,426.0
mwag1236,Mwaghavul,mwag1236,9.47205,8.96522,1336.0
nafa1258,Nafaanra,nafa1258,8.00522,-2.51001,301.0
nawd1238,Nawdm,nawd1238,7.17037,0.58553,333.0
nort2784,Northern Nuni,nort2784,12.131,-2.98206,285.0
noma1260,Nomaande,noma1260,4.5893,10.9157,767.0
ngam1268,Ngambay,ngam1268,8.57051,15.414,482.0
ngba1285,Ngbaka Minagende,ngba1285,2.98887,18.994,364.0
nort2774,Northern Ngbandi,nort2774,3.56357,21.85251,402.0
ngie1241,Ngiemboon,ngie1241,5.56777,10.1266,1800.0
nyab1255,Nyabwa,nyab1255,6.87615,-6.84428,248.0
lamn1239,Lamnso',lamn1239,6.39743,11.0684,1375.0
nugu1242,Nugunu (Cameroon),nugu1242,4.63103,11.1837,462.0
nupe1254,Nupe-Nupe-Tako,nupe1254,9.18404,5.40031,128.0
madi1260,Ma'di,madi1260,3.62499,31.8471,1427.0
park1239,Parkwa,park1239,11.0206,14.0964,544.0
pula1263,Pulaar,pula1263,13.8694,-13.4482,44.0
pula1262,Pular,pula1262,12.1826,-12.7338,127.0
rend1243,Rendille,rend1243,2.27065,37.3608,532.0
saba1262,Sabaot,saba1262,1.01297,34.6664,3030.0
sena1262,Senara Sénoufo,sena1262,10.4987,-5.28216,361.0
sere1260,Sereer,sere1260,13.8941,-16.3916,1.0
siss1242,Sissala of Burkina Faso,siss1242,11.0916,-2.38217,291.0
koyr1240,Koyra Chiini Songhay,koyr1240,16.192,-3.73962,263.0
soni1259,Soninke,soni1259,13.1273,-11.7178,154.0
susu1250,Susu,susu1250,10.4046,-13.3628,225.0
tawa1286,Tawallammat Tamajaq,tawa1286,13.9878,4.47692,281.0
tama1365,Tamasheq,tama1365,14.2038,-2.41269,288.0
teen1242,Téén,teen1242,9.84556,-3.71183,331.0
teda1241,Tedaga,teda1241,18.0426,14.7717,467.0
temm1241,Tem,temm1241,8.967,1.136,383.0
tofi1235,Tofin Gbe,tofi1235,6.51774,2.43226,4.0
tika1246,Tikar,tika1246,5.87004,11.6104,814.0
topo1242,Toposa,topo1242,5.15904,34.2159,453.0
tour1242,Toura (Côte d'Ivoire),tour1242,7.76747,-7.33105,539.0
nort2787,Northern Toussian,nort2787,11.133,-4.88274,421.0
vagl1239,Vagla,vagl1239,9.33848,-2.31333,345.0
vute1244,Vute,vute1244,6.13603,11.8839,889.0
waam1244,Waama,waam1244,10.5956,1.65318,475.0
wann1242,Wan,wann1242,7.88773,-5.82092,276.0
weno1238,Wobe-Wè Northern,weno1238,7.40391,-7.24617,303.0
yamb1251,Yamba,yamb1251,6.535505,11.07711,1148.0
yamb1252,Yambeta,yamb1252,4.83615,10.9369,713.0
yaou1238,Yaouré,yaou1238,6.95282,-5.57851,234.0
yemb1246,Yemba,yemb1246,5.47421,10.0214,1338.0
yomm1242,Yom,yomm1242,9.87186,1.81099,421.0
zarm1239,Zarma-Kaado,zarm1239,12.8554,2.41173,173.0
zulg1242,Zulgo-Gemzek,zulg1242,10.827,14.0578,722.0
fwee1238,Fwe,fwee1238,-17.72372,24.43151,934.0
yeyi1239,Yeyi,yeyi1239,-18.9178,23.6088,946.0
cavi1250,Cavineña,cavi1250,-13.3544,-66.6277,175.0
cham1318,Chamicuro,cham1318,-5.1149,-75.6778,114.0
chec1245,Chechen,chec1245,43.5,45.5,172.0
chep1245,Chepang,chep1245,27.7206,84.9017,1534.0
leal1235,Lealao Chinantec,leal1235,17.3162,-95.9265,1302.0
chol1282,Chol,chol1282,17.4897,-92.4698,257.0
chra1242,Chrau,chra1242,10.8021,107.293,179.0
barb1263,Barbareño,barb1263,34.462,-119.699,305.0
coeu1236,Coeur d'Alene,coeu1236,47.2958,-116.715,776.0
coma1245,Comanche,coma1245,34.5701,-98.424,332.0
cupe1243,Cupeño,cupe1243,33.3148,-116.515,1455.0
cuvo1236,Cuvok,cuvo1236,10.6448,14.0006,641.0
deny1238,Denya,deny1238,5.97237,9.39989,131.0
nepa1253,Nepali Kurux,nepa1253,26.72057,86.00255,72.0
mufi1238,Mufian,mufi1238,-3.57932,142.955,155.0
usar1243,Usarufa,usar1243,-6.38898,145.633,1969.0
binu1245,Binumarien,binu1245,-6.22068,146.102,878.0
eggo1239,Eggon,eggo1239,8.71442,8.45686,164.0
ekpe1253,Ekpeye,ekpe1253,5.06715,6.53362,9.0
esim1238,Esimbi,esim1238,6.50094,9.86936,690.0
fang1246,Fang (Equatorial Guinea),fang1246,1.723965,11.61454,629.0
furu1242,Furu,furu1242,4.485,20.6448,405.0
kara1476,Karadjeri,kara1476,-18.6771,122.334,131.0
gbar1246,Gbari,gbar1246,8.46411,7.10757,159.0
goli1247,Golin,goli1247,-6.2249,144.8505,1756.0
guaj1255,Guajajára,guaj1255,-4.69461,-45.7081,300.0
gunw1252,Bininj Kun-Wok,gunw1252,-12.3398,133.358,67.0
haya1250,Haya,haya1250,-1.70878,31.4846,1412.0
huic1243,Huichol,huic1243,21.954,-104.062,1167.0
huay1240,Huaylas Ancash Quechua,huay1240,-9.38709,-77.7768,4557.0
jauj1238,Jauja Wanca Quechua,jauj1238,-11.6747,-75.2786,4733.0
luya1241,Luyi,luya1241,-15.01,22.67,1027.0
iban1261,Ibani,iban1261,4.49119,7.23558,1.0
imon1245,Imonda,imon1245,-3.31228,141.171,294.0
ingu1240,Ingush,ingu1240,43.11,45.03,721.0
kris1246,I'saka,kris1246,-2.80084,141.303,544.0
yalu1240,Yalunka,yalu1240,9.97186,-11.2836,480.0
izer1241,Izere,izer1241,9.5,8.7,1047.0
jama1261,Madi,jama1261,-7.62223,-66.5662,99.0
jeme1245,Towa,jeme1245,35.5994,-106.766,1769.0
liji1238,Lijili,liji1238,8.52193,8.35562,133.0
kaby1243,Kabyle,kaby1243,36.4103,4.76137,526.0
gida1247,Gidar,gida1247,9.874715,14.07845,392.0
kaya1329,Kayabí,kaya1329,-11.2747,-55.5479,338.0
kama1367,Kamasau,kama1367,-3.8503,143.842,109.0
kano1245,Kanoê,kano1245,-12.1789,-64.5812,141.0
kens1251,Kenswei Nsei,kens1251,6.01713,10.412,1395.0
east2398,Eastern Karaboro,east2398,10.4987,-4.52253,262.0
kari1301,Karipúna Creole French,kari1301,3.42825,-51.6888,56.0
keny1279,Kenyang,keny1279,5.58288,9.55918,172.0
chon1284,Chong of Chanthaburi,chon1284,12.5218,102.514,21.0
kiny1244,Kinyarwanda,kiny1244,-1.56771,29.6441,1613.0
kiri1254,Kirike,kiri1254,4.41126,6.98938,10.0
koko1269,Kokota,koko1269,-8.16481,159.191,46.0
bako1250,Bakole,bako1250,4.43654,8.97387,25.0
konn1242,Konni,konn1242,10.2368,-1.54376,173.0
kulu1253,Kulung (Nepal),kulu1253,27.1606,87.5717,1758.0
kuot1243,Kuot,kuot1243,-3.06952,151.537,566.0
kusu1250,Kusunda,kusu1250,29.1766,80.6309,2434.0
kuvi1243,Kuvi,kuvi1243,18.8832,83.7552,535.0
kwaz1243,Kwaza,kwaz1243,-11.6667,-61.1833,184.0
lada1244,Leh-Kenhat,lada1244,33.468,80.6013,5198.0
lang1320,Langi,lang1320,-4.71413,35.9517,1235.0
laoo1244,Lao,laoo1244,16.0726,104.568,151.0
lavu1241,Lavukaleve,lavu1241,-9.05569,159.119,22.0
bafa1247,Bafaw-Balong,bafa1247,4.53307,9.522,74.0
lund1266,Lunda,lund1266,-11.1793,23.8662,1228.0
luch1239,Luchazi,luch1239,-14.0648,22.2437,1057.0
orok1266,Oroko,orok1266,4.89504,9.15209,371.0
mace1250,Macedonian,mace1250,41.5957,21.7932,921.0
mada1293,Mada (Cameroon),mada1293,10.8806,14.1142,485.0
madi1261,Madi (Papua New Guinea),madi1261,-5.63017,146.407,71.0
mana1295,Manam,mana1295,-4.07921,145.033,1394.0
bame1260,Bamenyam,bame1260,5.77049,10.3302,1214.0
mana1288,Manange,mana1288,28.6416,84.0515,3612.0
ngem1255,Ngemba,ngem1255,5.97864,10.1469,1225.0
mara1385,Marra,mara1385,-14.7927,134.865,9.0
maib1239,Maybrat-Karon,maib1239,-1.3679,132.591,111.0
gbay1281,Gbaya-Mbodomo,gbay1281,4.800365,14.606865,691.0
medu1238,Medumba,medu1238,5.10901,10.6118,1309.0
ming1252,Mingrelian,ming1252,42.5129,41.8719,110.0
mmen1238,Mmen,mmen1238,6.43213,10.2541,924.0
moke1242,Moken,moke1242,10.1474,98.6765,0.0
mose1249,Mosetén-Chimané,mose1249,-14.64448,-67.83756,379.0
mpon1254,Mpongmpong,mpon1254,3.14015,14.866,591.0
mung1266,Mungaka,mung1266,5.89752,10.0294,1356.0
motl1237,Mwotlap,motl1237,-13.655015,167.706277,28.0
nami1256,Namia,nami1256,-3.85538,141.788,62.0
ndem1249,Ndemli,ndem1249,4.58061,10.2197,117.0
mesc1238,Mescalero-Chiricahua Apache,mesc1238,33.1291,-105.566,2443.0
quec1382,Quechan,quec1382,32.7859,-114.599,40.0
nank1250,Nankina,nank1250,-5.80804,146.464,1116.0
nand1266,Nandi,nand1266,0.793737,35.408478,2146.0
kima1246,Kimaama,kima1246,-8.01899,138.355,6.0
naki1238,Naki,naki1238,6.62784,10.2378,713.0
mich1245,Michoacán Nahuatl,mich1245,18.3412,-103.361,150.0
naga1394,Naga Pidgin,naga1394,25.2508,93.4438,1386.0
ngos1238,Ngoshie,ngos1238,6.04616,9.83193,1214.0
ngal1293,Ngalakgan,ngal1293,-14.4281,134.716,125.0
nang1259,Nangikurrunggurr,nang1259,-14.268,131.237,109.0
iseb1246,Isebe,iseb1246,-5.20719,145.691,237.0
ngom1271,Ngombale,ngom1271,5.70306,10.1446,1692.0
nort2684,Northern Khmer,nort2684,14.4674,103.863,216.0
nort2954,Northern Paiute,nort2954,40.0799,-119.536,1158.0
nubi1253,Nubi,nubi1253,-0.183215,34.7552,1133.0
nuer1246,Nuer,nuer1246,8.13911,32.3829,401.0
elip1238,Elip,elip1238,4.45694,11.193,439.0
nyam1276,Nyamwezi,nyam1276,-5.08559,32.94452,1267.0
nyeu1238,Nyeu,nyeu1238,14.8817,104.33,136.0
obol1243,Obolo,obol1243,4.62851,7.81985,22.0
faiw1243,Faiwol,faiw1243,-5.4967,141.656,1241.0
okuu1243,Oku,okuu1243,6.23712,10.5096,2025.0
osse1243,Ossetian,osse1243,41.7882,43.2674,1167.0
pala1344,Palauan,pala1344,7.34138,134.476678,15.0
orok1269,Orokaiva,orok1269,-8.79019,148.09,188.0
yill1241,Yil,yill1241,-3.46501,142.178,783.0
ning1273,Ningil,ning1273,-3.49733,142.251,440.0
dobu1241,Dobu,dobu1241,-9.63239,150.825,19.0
samo1303,Samo,samo1303,-6.15496,142.195,125.0
urii1240,Uri,urii1240,-6.41993,146.608,1309.0
boik1241,Boikin,boik1241,-3.68297,143.474,246.0
phai1238,Prai,phai1238,19.0383,101.218,676.0
mall1246,Mal,mall1246,19.273,101.204,998.0
rama1270,Rama,rama1270,11.5007,-83.8571,37.0
matb1237,Matbat,matb1237,-1.8801,130.075,138.0
rund1242,Rundi,rund1242,-1.44174,31.3191,1257.0
nyan1307,Nyankole,nyan1307,-0.46364,30.548,1429.0
marw1260,Marwari (India),marw1260,27.002,75.0656,366.0
samb1305,Samba Leko,samb1305,8.19236,11.7366,913.0
sout2844,Southern Samo,sout2844,12.713,-2.9052,275.0
samr1245,Samre or Siem Reap,samr1245,13.479,103.978,34.0
saba1268,Sabanê,saba1268,-12.9857,-60.335,308.0
sasa1249,Sasak,sasa1249,-8.58349,116.284,292.0
sava1244,Savara,sava1244,18.7302,84.1414,231.0
sayu1241,Sayula Popoluca,sayu1241,17.8606,-94.9531,63.0
seco1241,Secoya,seco1241,-0.459785,-75.5547,214.0
taro1264,Seediq,taro1264,23.9032,121.358,1165.0
seim1238,Seimat,seim1238,-1.5297,145.074,0.0
seme1247,Semelai,seme1247,2.82799,102.806,46.0
serr1255,Serrano,serr1255,33.9479,-116.772,744.0
shab1252,Shabo,shab1252,7.64407,35.223,1704.0
yawa1260,Yawanawa,yawa1260,-8.87563,-71.8199,264.0
mako1251,Makonde,mako1251,-10.9906,39.5133,53.0
shon1251,Shona,shon1251,-17.20849,29.75725,1209.0
bamu1253,Bamun,bamu1253,5.49017,10.8477,951.0
siar1238,Siar-Lak,siar1238,-4.62059,152.892,516.0
sera1259,Saraiki,sera1259,29.5534,71.906,121.0
shaw1249,Shawnee,shaw1249,35.354,-96.7635,308.0
nucl1634,Skou,nucl1634,-2.64378,140.902,30.0
aheu1239,Thavung,aheu1239,17.7655,104.229,149.0
sout2856,South Efate,sout2856,-17.7006,168.377,231.0
spok1245,Spokane,spok1245,47.9087,-118.062,723.0
siss1243,Sissano,siss1243,-3.01976,142.049,10.0
sata1237,Satawalese,sata1237,7.36084,147.038,0.0
ulwa1239,Ulwa,ulwa1239,12.932292,-83.581467,4.0
hupd1244,Hupdë,hupd1244,0.58622,-69.8359,158.0
chim1300,Chimalapa Zoque,chim1300,16.6543,-94.6913,272.0
loxi1235,Loxicha Zapotec,loxi1235,15.8442,-96.6997,201.0
yuki1243,Yuki,yuki1243,39.8389,-123.296,688.0
yape1248,Yapese,yape1248,9.55811,138.125,63.0
yuro1248,Yurok,yuro1248,41.3262,-123.824,752.0
yura1255,Yuracaré,yura1255,-16.7479,-65.1224,203.0
sout2750,Southern Yukaghir,sout2750,64.218,154.375,316.0
nucl1290,Zhenkang Wa,nucl1290,23.1024,99.108,1716.0
wamb1259,Wambon,wamb1259,-5.44334,140.48,76.0
wash1253,Washo,wash1253,38.8184,-119.64,1946.0
waya1269,Wayana,waya1269,2.77537,-54.4429,182.0
woge1237,Wogeo,woge1237,-3.20238,144.089,179.0
huar1255,Huarijio,huar1255,27.8685,-108.437,1187.0
vaii1241,Vai,vaii1241,7.05085,-11.3262,19.0
ukra1253,Ukrainian,ukra1253,48.175842,24.395786,1355.0
phal1254,Phalura,phal1254,35.5096,71.8421,2845.0
east2440,East Makian,east2440,0.07337,127.423,284.0
tokp1240,Tok Pisin,tokp1240,-9.41971,147.303,176.0
baru1269,Baruga,baru1269,-9.40132,148.761,64.0
tatu1247,Tatuyo,tatu1247,0.55582,-70.5327,217.0
tagw1240,Tagwana Senoufo,tagw1240,8.67053,-5.17372,308.0
maza1291,Mazanderani,maza1291,36.241,52.3009,1608.0
paok1235,Pa'o Karen,paok1235,20.211,97.5969,958.0
tern1247,Ternate,tern1247,0.80562,127.333,1615.0
toba1269,Toba,toba1269,-24.40253,-60.4472866667,138.0
poli1260,Polish,poli1260,51.8439,18.6255,133.0
kala1381,Kalabari,kala1381,4.53194,6.69539,0.0
east2295,Eastern Yiddish,east2295,51.75,19.42,190.0
dutc1256,Dutch,dutc1256,52.0,5.0,-1.0
malo1243,Tamambo,malo1243,-15.6835,167.16,153.0
gayo1244,Gayo,gayo1244,4.3733,97.3456,1044.0
jama1262,Jamaican Creole English,jama1262,18.13,-77.2612,486.0
mamb1294,Mambai,mamb1294,9.6121,14.0013,228.0
arag1245,Aragonese,arag1245,42.4669,-0.00919,661.0
tilq1235,Tilquiapan Zapotec,tilq1235,16.8529,-96.6321,1761.0
ibib1240,Ibibio,ibib1240,5.15279,7.86688,41.0
tami1289,Tamil,tami1289,10.520219,78.825989,105.0
zoog1238,Zoogocho Zapotec,zoog1238,17.2016,-96.3433,2450.0
baga1273,Baga Koga,baga1273,10.1286,-13.947,17.0
sout2895,South Nuaulu,sout2895,-3.23411,129.148,124.0
sela1259,Selaru,sela1259,-8.18376,130.961,35.0
tsuv1239,Tsuvadi,tsuv1239,10.8421,5.22095,257.0
hang1263,Hanga Hundi,hang1263,-3.90364,142.849,54.0
blan1242,Blang,blan1242,22.0092,99.7405,1243.0
tata1257,Tatana,tata1257,5.49808,115.553,8.0
tibe1272,Tibetan,tibe1272,28.3681,90.1872,5395.0
chee1238,Che,chee1238,10.0031,8.67024,996.0
pagi1243,Pagibete,pagi1243,3.15636,22.1212,487.0
choc1276,Choctaw,choc1276,33.8993,-94.819,133.0
mich1243,Michif,mich1243,49.1681,-99.9119,535.0
pila1245,Pilagá,pila1245,-25.0058,-60.1537,116.0
bani1255,Baniwa do Icana,bani1255,2.17859,-67.7704,149.0
kari1311,Karitiâna,kari1311,-9.37937,-64.1522,135.0
nort2943,North Alaskan Inupiatun,nort2943,69.582,-143.77,324.0
sanj1284,San Juan Guelavía Zapotec,sanj1284,17.0332,-96.5967,1609.0
tzot1259,Tzotzil,tzot1259,16.6362,-92.7388,991.0
sida1246,Sidamo,sida1246,6.74176,38.3729,1774.0
west2560,West Coast Bajau,west2560,6.00631,116.124,4.0
chim1301,Chimariko,chim1301,41.0,-123.0,1768.0
hueh1236,Huehuetla Tepehua,hueh1236,20.6189,-97.9347,309.0
utes1238,Ute-Southern Paiute,utes1238,40.0965,-110.305,1835.0
dupa1235,Dupaninan Agta,dupa1235,17.3748,122.188,646.0
tong1325,Tonga (Tonga Islands),tong1325,-21.17,-175.25,14.0
lake1258,Lake Miwok,lake1258,39.0021,-122.621,510.0
lazz1240,Laz,lazz1240,41.5004,41.9096,1462.0
juan1238,Juang,juan1238,21.2606,85.5845,260.0
adan1251,Adang,adan1251,-8.18958,124.448,218.0
ambe1247,Ambele,ambe1247,5.94043,9.62028,445.0
apur1254,Apurinã,apur1254,-8.21692,-66.7714,142.0
achi1257,Achinese,achi1257,3.90757,96.6032,13.0
anti1245,Antigua and Barbuda Creole English,anti1245,17.068263,-61.821863,24.0
akla1241,Aklanon,akla1241,11.5543,122.354,146.0
arhu1242,Arhuaco,arhu1242,10.7018,-73.6363,3573.0
liby1240,Libyan Arabic,liby1240,22.0032,15.0014,585.0
bond1245,Bondo,bond1245,19.1512,83.8141,97.0
siks1238,Siksika,siks1238,49.0669,-113.109,1232.0
bilo1248,Biloxi,bilo1248,31.32,-89.1951,81.0
beli1260,Belize Kriol English,beli1260,17.3941,-88.6281,24.0
koas1236,Koasati,koas1236,30.4096,-92.709,11.0
como1259,Comox,como1259,49.7233,-124.967,37.0
soch1239,Sochiapam Chinantec,soch1239,17.7985,-96.6079,609.0
diml1238,Dimli,diml1238,38.6147,39.6388,1691.0
yekh1238,Yekhee,yekh1238,7.10204,6.44919,300.0
nort2626,Northern Frisian,nort2626,54.6409,8.58489,0.0
guja1253,Gujari,guja1253,34.3768,73.1461,837.0
guan1269,Kotiria,guan1269,1.07554,-69.5705,138.0
hung1278,Hungana-Saamba,hung1278,-3.69695,18.4312,353.0
halk1245,Halkomelem,halk1245,48.0751,-122.029,90.0
ilok1237,Iloko,ilok1237,15.9361,120.993,287.0
kadi1248,Kadiwéu,kadi1248,-19.7222,-57.582,83.0
kute1248,Kutep,kute1248,7.07479,10.0916,223.0
awac1239,Awa-Cuaiquer,awac1239,1.21652,-78.3401,471.0
lisu1250,Lisu,lisu1250,22.5488,94.0184,359.0
loni1238,Loniu,loni1238,-2.06124,147.35,69.0
mola1238,Molale,mola1238,44.556,-122.857,152.0
mats1244,Matsés,mats1244,-5.73914,-72.6281,152.0
mani1292,Manipuri,mani1292,24.4409,93.3426,359.0
mand1436,Mandinka,mand1436,12.8165233333,-15.6539466667,44.0
moco1246,Mocoví,moco1246,-28.097,-60.4145,62.0
mamm1241,Mam,mamm1241,14.8034,-91.7231,1867.0
mund1330,Mundurukú,mund1330,-8.41095,-57.691,98.0
nisg1240,Nisga'a,nisg1240,55.199,-129.192,21.0
nort2627,Eastern Low German,nort2627,50.771,6.092,176.0
nort2984,Northern Pame,nort2984,22.0968,-99.6434,1376.0
pana1305,Panamint,pana1305,36.0007,-117.901,1030.0
nige1257,Nigerian Pidgin,nige1257,9.65873,4.21068,281.0
nort2966,Northern Pomo,nort2966,39.1084,-123.209,363.0
texi1237,Texistepec Popoluca,texi1237,17.8926,-94.8076,28.0
stan1289,Catalan,stan1289,41.453,1.569,625.0
croa1245,Croatian,croa1245,45.2006,16.826,95.0
czec1258,Czech,czec1258,49.873398,15.10437,466.0
gali1258,Galician,gali1258,42.2446,-7.5343,1106.0
mono1270,Mono (Democratic Republic of Congo),mono1270,4.57915,19.8264,409.0
indo1316,Indonesian,indo1316,-7.33458,109.716,549.0
ital1282,Italian,ital1282,43.0464,12.6489,516.0
sala1272,Salasaca Highland Quichua,sala1272,-1.35447,-78.3953,2506.0
seri1257,Seri,seri1257,28.9877,-112.384,191.0
sind1272,Sindhi,sind1272,26.0,69.0,20.0
slov1268,Slovenian,slov1268,46.2543,14.7766,1201.0
swed1254,Swedish,swed1254,59.800634,17.389526,24.0
tuka1248,Tukang Besi North,tuka1248,-5.30994,123.578,138.0
yine1238,Yine,yine1238,-11.1086,-73.3087,364.0
kich1262,K'iche',kich1262,14.5278,-91.1696,1374.0
huam1248,Huamalíes-Dos de Mayo Huánuco Quechua,huam1248,-9.15718,-76.3372,1466.0
sipa1247,Sipacapense,sipa1247,15.23054,-91.7041,2197.0
chim1302,Chimborazo Highland Quichua,chim1302,-1.36727,-78.8521,3868.0
tlac1235,Tlachichilco Tepehua,tlac1235,20.704,-98.1947,341.0
ambu1247,Ambulas,ambu1247,-3.7801,143.059,102.0
abau1245,Abau,abau1245,-3.97222,141.324,54.0
qima1242,Qimant,qima1242,12.8119,37.0542,1208.0
akha1245,Akha,akha1245,21.2309,100.964,1165.0
alya1239,Alyawarr,alya1239,-21.0427,136.835,237.0
aman1265,Amanab,aman1265,-3.51516,141.178,412.0
anua1242,Anuak,anua1242,7.57714,34.0267,428.0
aran1237,Arandai,aran1237,-2.08016,132.983,17.0
bumb1241,Bumbita Arapesh,bumb1241,-3.65508,142.859,177.0
tana1290,Tanacross,tana1290,63.4046,-143.338,471.0
auuu1241,Au,auuu1241,-3.53277,142.105,335.0
tinp1237,Tinputz,tinp1237,-5.58358,154.972,173.0
peta1245,Petats,peta1245,-5.34068,154.593,153.0
pate1247,Patep,pate1247,-6.91988,146.639,1106.0
kela1255,Kela (Papua New Guinea),kela1255,-7.47103,147.173,28.0
surs1246,Sursurunga,surs1246,-3.99078,152.768,811.0
awar1248,Awara,awar1248,-6.16986,146.372,1368.0
awin1248,Awing,awin1248,5.88362,10.264,1972.0
awtu1239,Awtuw,awtu1239,-3.53129,141.928,263.0
baba1264,Baba,baba1264,6.11222,10.5216,1560.0
baba1266,Babanki,baba1266,5.97863,10.2869,1727.0
bako1249,Bakoko,bako1249,3.56518,9.99905,20.0
nyon1241,Nyong,nyon1241,7.274185,11.061485,1209.0
bamu1256,Bamunka,bamu1256,6.00203,10.5127,1165.0
bang1356,Bangolan,bang1356,6.0125,10.667,1219.0
bata1285,Batanga,bata1285,1.397041,9.51011,55.0
bari1286,Bariai,bari1286,-5.5087,148.666,228.0
befa1241,Befang,befa1241,6.27562,10.0342,568.0
idaa1241,Ida'an,idaa1241,5.29059,118.515,48.0
bemb1257,Bemba (Zambia),bemb1257,-10.6122,29.2993,1256.0
berb1259,Berbice Creole Dutch,berb1259,5.3829,-58.0002,34.0
bett1235,Betta Kurumba,bett1235,11.6385,76.6064,1035.0
biak1248,Biak,biak1248,-0.9523,135.879,183.0
bili1250,Bilinarra,bili1250,-16.868771,130.533991,261.0
bina1277,Binandere,bina1277,-8.37433,147.884,42.0
sout2840,Southern Bobo Madaré,sout2840,11.5409,-4.26497,313.0
nucl1695,Bole,nucl1695,11.4839,11.2322,447.0
bong1285,Bongo,bong1285,7.4145,27.9918,501.0
boro1277,Boro (Ethiopia),boro1277,10.6596,35.345,841.0
brok1247,Brokskat,brok1247,34.5308,76.6026,3190.0
baga1272,Baga Sitemu,baga1272,10.4793,-14.4756,2.0
bubi1249,Bubia,bubi1249,4.02178,9.22304,125.0
buku1249,Bukusu,buku1249,0.68043,34.7719,1632.0
subi1246,Subiya,subi1246,-17.5696,24.8867,930.0
tote1238,Totela,tote1238,-16.9575,24.3751,1057.0
bamb1265,Bambalang,bamb1265,5.861,10.544,1147.0
nort2845,North Marquesan,nort2845,-8.89412,-140.108,395.0
onge1236,Önge,onge1236,10.6926,92.4707,149.0
olut1240,Oluta Popoluca,olut1240,17.8937,-94.8863,54.0
jiar1240,Northern Gyalrong,jiar1240,31.60295,102.22875,4587.0
suri1267,Tirma-Chai,suri1267,6.03205,35.0823,1097.0
bilu1245,Bilua,bilu1245,-7.92388,156.663,177.0
hoav1238,Hoava,hoav1238,-8.19679,157.595,249.0
fili1244,Filipino,fili1244,12.265,123.464,47.0
ngad1261,Ngad'a,ngad1261,-8.79508,120.976,1171.0
muna1247,Muna,muna1247,-5.40419,122.541,82.0
keoo1238,Ke'o,keoo1238,-8.8704,121.256,335.0
saki1248,Mekens,saki1248,-13.054,-62.0927,154.0
torw1241,Torwali,torw1241,35.3101,72.5316,4152.0
thul1246,Thulung,thul1246,27.5389,87.6063,2552.0
tsha1245,Tshangla,tsha1245,27.3694,91.7741,1909.0
colo1256,Tsafiki,colo1256,-0.21181,-79.2347,441.0
tzut1248,Tz'utujil,tzut1248,14.6351,-91.2012,2054.0
kinn1249,Kinnauri,kinn1249,31.3688,78.3148,4570.0
mewa1250,Mewati,mewa1250,27.736,76.947,212.0
anei1239,Aneityum,anei1239,-20.1864,169.825,521.0
zaiw1241,Zaiwa,zaiw1241,24.1726,98.3643,2032.0
chic1270,Chickasaw,chic1270,33.9452,-97.1301,263.0
friu1240,Friulian,friu1240,46.1473,13.0493,192.0
jica1244,Jicarilla Apache,jica1244,36.8079,-107.007,2375.0
egaa1242,Ega,egaa1242,5.56081,-5.41732,105.0
west2441,Western Arrarnta,west2441,-24.05052,133.24621,620.0
sanu1240,Sanumá,sanu1240,1.31875,-67.6498,118.0
wari1268,Wari',wari1268,-10.69948,-64.56152,154.0
crow1244,Crow,crow1244,45.368,-107.874,1018.0
anyi1245,Anyin,anyi1245,6.31781,-3.30532,168.0
dibo1245,Dibole,dibo1245,1.07773,17.2305,322.0
bana1305,Bana,bana1305,10.3535,13.6131,878.0
baka1274,Baka (Sudan),baka1274,4.65943,29.59,880.0
ajas1235,Aja (Sudan),ajas1235,8.58003,25.6122,608.0
bila1255,Bila,bila1255,1.16839,28.7626,801.0
busa1253,Busa,busa1253,9.91074,4.39929,240.0
nige1253,Hausa States Fulfulde,nige1253,10.9972,11.1188,360.0
here1253,Herero,here1253,-21.0231,20.5655,1136.0
bafi1243,Bafia,bafi1243,4.72603,11.0982,580.0
lega1249,Lega-Shabunda,lega1249,-3.83196,27.1424,628.0
myen1241,Myene,myen1241,-1.48741,9.50247,28.0
tune1261,Tunen,tune1261,4.75,10.67,696.0
matu1259,Matumbi,matu1259,-8.53734,39.0409,245.0
yaoo1241,Yao,yaoo1241,-13.6119,35.2387,1194.0
umbu1257,Umbundu,umbu1257,-12.4763,14.4148,1240.0
ndon1254,Ndonga,ndon1254,-17.6417,19.1631,1089.0
mbuk1240,Mbukushu,mbuk1240,-17.6827,22.5026,1006.0
diri1252,Diriku,diri1252,-18.1681,20.6678,1089.0
kwan1273,Kwangali,kwan1273,-17.9026,19.256,1120.0
mong1338,Mongo,mong1338,-1.54228,20.4259,391.0
long1387,Longto,long1387,8.33313,13.0568,432.0
xwel1235,Xwela Gbe,xwel1235,6.41342,2.02985,31.0
west2456,Western Xwla Gbe,west2456,6.33455,2.03904,2.0
kota1272,Kotafon Gbe,kota1272,6.64027,1.72346,65.0
gbes1238,Gbesi Gbe,gbes1238,6.55911,2.0269,63.0
mach1266,Machame,mach1266,-3.29385,37.0703,1070.0
mada1282,Mada (Nigeria),mada1282,9.02294,8.34119,467.0
mbee1249,Mbe,mbee1249,6.57067,8.82998,117.0
ngwe1238,Ngwe,ngwe1238,5.49787,9.9028,978.0
jowu1238,Jowulu,jowu1238,10.7691,-5.47873,510.0
yala1263,Yala,yala1263,6.73852,8.60748,59.0
mamb1296,Mambwe-Lungu,mamb1296,-8.86817,31.2269,1250.0
kete1252,Kete,kete1252,-7.15104,22.9027,885.0
kwes1244,Kwese,kwes1244,-5.60445,18.5759,792.0
sout2828,Southern Ma'di,sout2828,2.8735,31.25,660.0
moru1253,Moru,moru1253,5.1232,30.3287,644.0
logo1259,Logo,logo1259,3.32608,29.8866,899.0
afit1238,Afitti,afit1238,12.446,30.7611,564.0
avat1244,Avatime,avat1244,6.8688,0.41314,170.0
abua1244,Abua,abua1244,4.83057,6.61492,11.0
dghw1239,Dghwede,dghw1239,11.05751,13.77847,570.0
eloy1241,Eloyi,eloy1241,8.24696,7.97061,126.0
giky1238,Gikyode,giky1238,8.39478,0.56975,258.0
giny1241,Ginyanga,giny1241,8.2327,0.98348,309.0
huba1236,Huba,huba1236,10.3544,13.139,541.0
kofy1242,Pan,kofy1242,8.79947,9.15279,240.0
krac1238,Krache,krac1238,7.93475,0.01925,127.0
krim1238,Krim,krim1238,7.24116,-11.8393,10.0
west2458,West Central Banda,west2458,6.81435,24.1012,635.0
sout2833,South Central Dinka,sout2833,6.7307,30.3021,424.0
food1238,Foodo,food1238,9.56489,1.40486,373.0
jola1262,Jola-Esulalu,jola1262,12.5089,-16.5539,13.0
jumj1238,Jumjum,jumj1238,10.4349,33.7494,486.0
buru1301,Burun,buru1301,10.725,33.921,573.0
olub1238,Olu'bo,olub1238,4.6242,31.9103,714.0
maay1238,Maay,maay1238,3.22288,43.6182,496.0
maba1273,Mabaan,maba1273,9.81455,33.5404,424.0
suga1248,Nizaa,suga1248,7.12906,12.3779,1260.0
xhos1239,Xhosa,xhos1239,-31.0389,28.0769,1734.0
siwu1238,Siwu,siwu1238,7.23811,0.44362,224.0
sher1258,Sherbro,sher1258,7.77585,-12.7405,11.0
cher1271,Cherepon,cher1271,6.05387,-0.10955,186.0
palo1243,Palor,palo1243,14.8628,-16.9557,99.0
sekp1241,Sekpele,sekp1241,7.16751,0.5886,307.0
tong1318,Tonga (Zambia),tong1318,-17.422325,27.103495,935.0
bady1239,Jaad-Badyara,bady1239,12.6425,-13.4759,64.0
sele1249,Selee,sele1249,7.17462,0.42458,377.0
tivv1240,Tiv,tivv1240,6.88039,9.26287,201.0
bili1260,Bilin,bili1260,15.7833,38.3917,1671.0
xamt1239,Xamtanga,xamt1239,12.4479,38.8352,2146.0
lika1243,Liko,lika1243,2.13777,27.6088,758.0
yans1239,Yansi,yans1239,-3.8231,18.2341,350.0
budu1250,Budu,budu1250,2.00501,27.951,777.0
kele1255,Kele-Foma,kele1255,0.36906,24.3098,412.0
leng1258,Lengola,leng1258,-1.95874,25.3343,467.0
keli1248,Keliko,keli1248,3.56039,30.556,1167.0
wong1247,Wongo,wong1247,-5.73837,20.5054,489.0
mwal1237,Mwali Comorian,mwal1237,-12.3164,43.741,234.0
afar1241,Afar,afar1241,12.2281,41.8083,331.0
mund1325,Mundang,mund1325,9.83195,14.4751,389.0
mono1269,Mono (Cameroon),mono1269,8.78372,14.2254,228.0
tupu1244,Tupuri,tupu1244,10.0144,14.8697,352.0
kuoo1238,Kuo,kuoo1238,7.97771,15.4843,570.0
kare1338,Kare (Central African Republic),kare1338,7.05641,15.2207,999.0
ndai1238,Ndai,ndai1238,8.09039,14.2888,636.0
bamb1262,Bambassi,bamb1262,9.82554,34.6522,1450.0
tigr1271,Tigrinya,tigr1271,15.3359,38.9266,2330.0
kara1483,Karamojong,kara1483,2.45157,34.2761,1140.0
gwan1268,Gwandara,gwan1268,9.20464,7.49931,754.0
avik1243,Avikam,avik1243,5.15838,-5.2529,6.0
shil1265,Shilluk,shil1265,9.85472,31.7926,394.0
haio1238,Hai//om,haio1238,-19.7637,17.0299,1412.0
pero1241,Pero,pero1241,9.62092,11.044,313.0
bora1271,Borana-Arsi-Guji Oromo,bora1271,1.05676,37.882,733.0
hadi1240,Hadiyya,hadi1240,7.57377,37.7577,2165.0
wola1242,Wolaytta,wola1242,6.32668,37.7537,1297.0
kuny1238,Kunyi,kuny1238,-3.69702,12.5197,156.0
otuh1238,Otuho,otuh1238,4.16379,32.6641,807.0
masa1299,Masaaba,masa1299,1.05906,34.2829,1659.0
kamw1239,Kamwe,kamw1239,10.646,13.5136,576.0
many1261,Manya,many1261,8.56186,-9.44257,565.0
saya1246,Saya,saya1246,9.69441,9.71748,598.0
njeb1242,Njebi,njeb1242,-2.18115,12.7063,759.0
tada1238,Tadaksahak,tada1238,16.685,2.32653,321.0
kamb1316,Kambaata,kamb1316,7.37582,37.9088,2129.0
otor1240,Otoro,otor1240,11.1187,30.573,744.0
tira1254,Tira,tira1254,11.0963,30.8092,626.0
nyam1285,Nyam,nyam1285,9.18024,10.83652,249.0
fali1285,Fali,fali1285,10.5419,13.4087,775.0
mawa1270,Mawa (Chad),mawa1270,11.7461,18.2999,543.0
huaa1248,East Taa,huaa1248,-24.20022,20.79583,1122.0
koal1240,Koalib-Rere,koal1240,11.69648,30.47166,732.0
kagu1239,Kagulu,kagu1239,-6.38204,37.0534,1209.0
kung1261,North-Central Ju,kung1261,-21.92,18.0,1650.0
ghom1247,Ghomálá',ghom1247,5.39619,10.352,1543.0
defa1248,Defaka,defa1248,4.58451,7.50186,7.0
teee1242,Tee,teee1242,4.73213,7.37553,22.0
kips1239,Kipsigis,kips1239,-0.35774,35.258532,1977.0
pang1287,Pangwa,pang1287,-9.96782,34.8039,1306.0
holo1240,Holoholo,holo1240,-5.37545,28.3274,794.0
buli1254,Buli (Ghana),buli1254,10.5763,-1.26748,198.0
bala1302,Balanta-Ganja,bala1302,12.5382,-15.6658,19.0
nyam1277,Nyambo,nyam1277,-1.6096,30.9156,1524.0
poko1263,Pökoot,poko1263,1.57023,35.2318,1879.0
afri1274,Afrikaans,afri1274,-22.0,30.0,1166.0
argo1244,Argobba,argo1244,10.6596,39.756,2731.0
hara1271,Harari,hara1271,9.30485,42.1332,1834.0
nzim1238,Nzima,nzim1238,5.1785,-2.81123,18.0
ahan1243,Ahanta,ahan1243,4.85147,-1.94657,37.0
buwa1243,Buwal,buwa1243,10.6151,13.8838,601.0
hdii1240,Hdi,hdii1240,10.942,13.6881,563.0
lama1288,Lamang,lama1288,11.0243,13.7362,945.0
ikwe1242,Ikwere,ikwe1242,5.04333,6.86651,21.0
lagw1237,Lagwan,lagw1237,11.5592,14.9884,299.0
mbuk1243,Mbuko,mbuk1243,10.7788,14.1677,483.0
molo1266,Moloko,molo1266,10.7933,14.2521,455.0
muya1243,Muyang,muya1243,10.86047,14.21246,410.0
ngom1272,Ngomba,ngom1272,5.63067,10.237,1455.0
keme1240,Kemezung,keme1240,6.69577,10.4984,904.0
nate1242,Nateni,nate1242,10.5191,1.21879,447.0
silt1240,Silt'e,silt1240,7.77004,38.1449,2050.0
wehh1238,Weh,wehh1238,6.46164,10.121,1060.0
tuli1249,Tulishi,tuli1249,11.4507,29.108,621.0
keig1242,Keiga,keig1242,11.2064,29.3889,508.0
kron1241,Krongo,kron1241,10.514,30.003,446.0
kang1288,Kanga,kang1288,11.0174,29.3463,469.0
moro1284,Morokodo,moro1284,5.5103,30.0229,573.0
arin1244,Aringa,arin1244,3.56143,31.3071,871.0
tese1238,Tese,tese1238,11.3885,29.5803,613.0
lumu1239,Lumun,lumu1239,10.8308,30.253,741.0
ache1245,Acheron,ache1245,10.8827,30.3187,888.0
toch1257,Tocho,toch1257,10.8828,30.1567,638.0
dagi1241,Dagik,dagi1241,10.583,29.9404,450.0
didi1258,Didinga,didi1258,4.21489,33.6869,1820.0
luwo1239,Luwo,luwo1239,7.35089,28.1378,489.0
acol1236,Acoli,acol1236,3.57738,32.5147,865.0
bela1256,Belanda Bor,bela1256,6.6503,27.8232,511.0
bela1255,Belanda Viri,bela1255,7.41311,27.6956,498.0
ndog1248,Ndogo,ndog1248,7.73028,27.5588,451.0
bade1248,Bade,bade1248,12.789,10.6557,340.0
fern1234,Pichi,fern1234,3.74,8.78,55.0
jita1239,Jita,jita1239,-1.62681,33.9141,1286.0
dime1235,Dime,dime1235,6.20951,36.3329,1891.0
tsot1241,Tsotso,tsot1241,0.2975,34.6961,1440.0
jams1239,Jamsay Dogon,jams1239,14.1794,-2.57999,276.0
kamb1297,Kamba (Kenya),kamb1297,-1.60827,37.9532,971.0
lang1324,Lango (Uganda),lang1324,2.13867,33.0553,1048.0
kisa1263,Kisa,kisa1263,0.1529,34.5708,1427.0
nyol1238,Nyole,nyol1238,0.88072,33.9181,1061.0
mwan1247,Mwani,mwan1247,-12.5821,40.4601,17.0
kgal1244,Kgalagadi,kgal1244,-24.9208,22.72016,1042.0
tiey1235,Tiéyaxo Bozo,tiey1235,14.1223,-5.08609,272.0
alab1254,Alaba-K'abeena,alab1254,7.39014,38.1732,2082.0
dege1246,Degema,dege1246,4.73373,6.80991,1.0
prin1242,Principense,prin1242,1.614,7.392,445.0
nkon1248,Nkonya,nkon1248,7.20316,0.3209,91.0
kist1241,Kistane,kist1241,8.33561,38.4763,2643.0
mesq1240,Mesqan,mesq1240,8.10617,38.3386,2136.0
seba1251,Sebat Bet Gurage,seba1251,8.11879,37.9891,2258.0
inor1238,Inor,inor1238,7.94883,37.7968,2044.0
dzuu1241,Dzùùngoo,dzuu1241,11.3796,-4.92036,379.0
bagi1246,Bagirmi,bagi1246,11.52392,14.769495,299.0
ngit1239,Ngiti,ngit1239,1.30455,30.2242,1624.0
ndal1241,Ndali,ndal1241,-9.88948,33.6118,1132.0
meen1242,Me'en,meen1242,6.63207,35.6255,1009.0
ngas1238,Ngasa,ngas1238,-2.97716,37.528,1801.0
mbay1241,Mbay,mbay1241,8.23066,15.7328,464.0
gumu1244,Northern Gumuz,gumu1244,11.05,35.93,831.0
sooo1256,Soo,sooo1256,2.58367,34.7595,1887.0
benc1235,Bench,benc1235,7.04682,35.7673,2180.0
yems1235,Yemsa,yems1235,7.79821,37.4412,2238.0
gamo1243,Gamo,gamo1243,6.27645,37.23808,1071.0
koor1239,Koorete,koor1239,5.80545,37.8679,2294.0
aari1239,Aari,aari1239,5.95034,36.5721,1506.0
uduk1239,Uduk,uduk1239,9.16012,34.2293,869.0
opuu1239,T'apo,opuu1239,8.47526,33.853,414.0
kwam1249,Kwama,kwam1249,9.50836,34.2457,1284.0
mayo1261,Mayogo,mayo1261,2.79827,27.8282,760.0
saam1283,Saamia,saam1283,0.3652,34.0335,1191.0
sout2795,Southern Nuni,sout2795,11.5186,-2.14385,324.0
nort2795,Zimbabwean Ndebele,nort2795,-20.2513,27.4096,1175.0
saxw1241,Saxwe Gbe,saxw1241,6.58269,1.92015,77.0
nari1240,Narim,nari1240,4.80331,33.3312,575.0
bidy1244,Kangaki-Kagbaaga-Kajoko Bidyogo,bidy1244,11.1097,-16.1497,16.0
domp1238,Dompo,domp1238,8.182,-2.295,228.0
heib1243,Ebang,heib1243,11.2908,30.5282,826.0
koya1253,Koyaga,koya1253,8.29177,-6.23255,365.0
shwa1239,Shwai,shwa1239,11.2708,30.3533,721.0
gaaa1245,Gaa,gaaa1245,8.4809,11.9603,539.0
kuan1247,Kuanyama,kuan1247,-17.7176,16.58,1125.0
mbal1255,Mbalanhu,mbal1255,-19.593,16.617,1303.0
kwam1251,Kwambi,kwam1251,-18.0339,15.7294,1087.0
ngan1300,Ngandyera,ngan1300,-16.6359,21.1928,1077.0
zagh1240,Beria,zagh1240,17.4842,23.4626,978.0
zayy1238,Zay,zayy1238,8.01148,38.8258,1633.0
bomi1238,Bomitaba,bomi1238,1.70044,17.3733,317.0
bena1262,Bena (Tanzania),bena1262,-9.26671,35.0364,1718.0
kaka1265,Kakabe,kaka1265,10.5962,-11.4418,1004.0
lele1266,Lele (Guinea),lele1266,8.98043,-10.371,927.0
mann1248,Mann,mann1248,7.04616,-8.86405,246.0
kyen1242,Kyenga,kyen1242,11.5953,3.58651,199.0
shan1282,Shanga,shan1282,11.2752,4.41464,151.0
abur1243,Abure,abur1243,5.21534,-3.64123,4.0
bank1256,Bankon,bank1256,4.3702,9.6403,59.0
arbo1245,Arbore,arbo1245,4.92183,36.7986,504.0
tiag1235,Tiagbamrin Aizi,tiag1235,5.28022,-4.62352,22.0
ashe1269,Ashe,ashe1269,9.36574,7.39443,655.0
ngaz1238,Ngazidja Comorian,ngaz1238,-11.6129,43.36,468.0
akpe1248,Akpes,akpe1248,7.50256,5.95559,292.0
eten1239,Eten,eten1239,9.73073,8.61443,1237.0
kagf1238,Ut-Main,kagf1238,11.5319,4.8387,313.0
idom1241,Idoma,idom1241,7.19139,7.71261,224.0
irig1241,Irigwe,irig1241,9.85197,8.6525,1102.0
jere1244,Jere,jere1244,10.1962,8.95834,875.0
legb1242,Legbo,legb1242,6.02645,7.98385,25.0
logb1245,Logba,logb1245,6.92838,0.43068,163.0
glav1244,Glavda,glav1244,11.1334,13.8652,409.0
ahan1244,Àhàn,ahan1244,7.44139,6.00896,293.0
ayer1245,Ayere,ayer1245,7.52206,6.01979,400.0
rong1268,Ronga,rong1268,-26.7329,32.6167,58.0
ndzw1235,Ndzwani Comorian,ndzw1235,-12.2123,44.3709,525.0
sout2790,Southern Birifor,sout2790,9.2873,-2.72672,217.0
kuwa1246,Kuwaataay,kuwa1246,12.48255,-16.74835,3.0
atti1239,Attié,atti1239,5.9977,-3.8209,69.0
ango1258,Angolar,ango1258,0.11438,6.59486,103.0
east2652,Eastern Oromo,east2652,8.67428,41.4395,1412.0
uppe1455,Upper Guinea Crioulo,uppe1455,13.2335066667,-15.33254,43.0
baka1273,Bakaka,baka1273,4.79991,9.80402,494.0
bass1260,Bassossi,bass1260,5.23655,9.52275,322.0
libe1240,Kru Pidgin English,libe1240,6.423,-10.5284,35.0
gagu1242,Gban,gagu1242,6.40859,-5.51851,164.0
eton1253,Eton-Mengisa,eton1253,4.21045,11.3935,500.0
reun1238,Réunion Creole French,reun1238,-21.1131,55.5321,1727.0
nucl1440,Masalit,nucl1440,13.2733,22.1752,811.0
saot1239,Sãotomense,saot1239,0.28332,6.61935,1087.0
nucl1696,Tangale,nucl1696,9.75444,11.3228,564.0
suku1261,Sukuma,suku1261,-3.16082,32.8765,1166.0
mori1278,Morisyen,mori1278,-20.2613,57.5517,464.0
kitu1246,Kituba (Democratic Republic of Congo),kitu1246,-2.29601,17.1548,331.0
akas1242,Akaselem,akas1242,8.8858,1.37035,321.0
tuki1240,Tuki,tuki1240,4.64348,11.5353,538.0
bumm1238,Bum,bumm1238,6.48655,10.418,1305.0
gava1241,Gavar,gava1241,10.5603,13.8188,620.0
lang1322,Lango (Sudan),lang1322,4.04948,33.0412,773.0
kwan1276,Kwanja,kwan1276,6.30293,11.6931,1019.0
mere1246,Merey,mere1246,10.7458,14.09,768.0
wand1278,Wandala,wand1278,11.3169,13.8996,336.0
chon1287,Chonyi-Dzihana-Kauma,chon1287,-6.518,38.672,62.0
digo1243,Digo,digo1243,-4.62101,39.1752,20.0
giry1241,Giryama,giry1241,-3.30638,39.6648,125.0
vame1236,Vame,vame1236,10.9481,14.2131,414.0
mmaa1238,Mmaala,mmaa1238,4.52188,11.0599,486.0
mpad1242,Mpade,mpad1242,12.4609,14.5833,289.0
mbee1250,Mbe',mbee1250,6.25838,11.0906,742.0
ncan1245,Ncane,ncan1245,6.50696,10.5312,958.0
mfum1238,Southern Mfumte,mfum1238,6.6,10.936386,659.0
njye1238,Njyem,njye1238,2.30483,14.1175,593.0
buam1238,Buamu,buam1238,11.1687,-3.50303,317.0
kwam1250,Kwami,kwam1250,-1.53712,27.4633,759.0
guro1248,Guro,guro1248,7.34954,-6.31154,279.0
kabu1256,Kabuverdianu,kabu1256,15.0586,-23.6148,449.0
boun1243,Bouna Kulango,boun1243,8.46011,-2.74627,246.0
tsam1247,Tsamai,tsam1247,5.3097,36.9139,760.0
cent2194,Central Moroccan Berber,cent2194,32.7415,-2.40872,1356.0
siwi1239,Siwi,siwi1239,29.200415,25.519627,-5.0
ndam1239,Ndamba,ndam1239,-8.40485,36.0271,279.0
bare1279,Barain,bare1279,11.1168,18.0764,393.0
abar1238,Mungbam,abar1238,6.5805,10.2267,720.0
mund1328,Mundabli,mund1328,6.59969,10.2704,735.0
mbuu1238,Ajumbu,mbuu1238,6.53792,10.2556,776.0
kosh1246,Koshin,kosh1246,6.5817,10.299,777.0
fang1248,Fang (Cameroon),fang1248,6.54384,10.319,739.0
kura1250,Kuranko,kura1250,9.49325,-10.6122,476.0
nort3047,North Giziga,nort3047,10.6755,14.219,486.0
mokp1239,Mokpwe,mokp1239,4.24178,9.23887,2305.0
siam1242,Siamou,siam1242,10.998,-4.92143,540.0
tigo1236,Tigon Mbembe,tigo1236,6.983995,10.70849,258.0
orma1241,Orma,orma1241,-1.79489,39.60749,144.0
piny1238,Pinyin,piny1238,5.7991,10.0682,1828.0
reel1238,Reel,reel1238,6.32234,30.49451,428.0
wuzl1236,Wuzlam,wuzl1236,10.955,14.1378,546.0
lese1243,Lese,lese1243,1.3,29.3,975.0
gwen1239,Gweno,gwen1239,-3.68407,37.6827,1000.0
sumb1240,Sumbwa,sumb1240,-3.47335,31.9457,1204.0
zinz1238,Zinza,zinz1238,-2.64132,32.1755,1344.0
meru1245,Meru,meru1245,0.26484,37.7396,1253.0
kahe1238,Kahe,kahe1238,-3.51412,37.5759,706.0
hang1260,Hangaza,hang1260,-2.52347,30.7074,1358.0
moch1256,Mochi,moch1256,-3.33743,37.3357,901.0
suba1252,Suba-Simbiti,suba1252,-1.103296,34.268,1283.0
kway1241,Kwaya,kway1241,-1.80737,33.71,1149.0
wawa1246,Wawa,wawa1246,6.68974,11.7802,1220.0
tuni1251,Tunia,tuni1251,9.42506,18.2059,363.0
bafa1249,Bafanji,bafa1249,5.84612,10.4518,1165.0
burj1242,Burji,burj1242,4.44624,38.4646,1410.0
anii1245,Anii,anii1245,9.11127,1.60169,396.0
fipa1238,Fipa,fipa1238,-7.88963,31.3442,1821.0
nawu1242,Nawuri,nawu1242,8.45116,0.04947,123.0
anfi1235,Anfillo,anfi1235,8.568,34.647,1454.0
ntom1248,Ntomba,ntom1248,-1.99062,18.265,291.0
tumt1243,Tumtum,tumt1243,10.6378,30.4128,477.0
iyiv1238,Iyive,iyiv1238,6.50437,9.53302,380.0
bata1293,Batak Karo,bata1293,2.12787,98.2517,9.0
sout2918,Southern Sama,sout2918,4.755836,119.483887,14.0
kima1244,Kimaragang,kima1244,6.61982,116.96,254.0
bela1260,Lemeting,bela1260,4.96207,114.933,15.0
east2563,Eastern Cham,east2563,11.2853,108.49,23.0
mokl1243,Moklen,mokl1243,8.16761,98.3176,27.0
nias1242,Nias,nias1242,0.90691,97.4961,0.0
buol1237,Buol,buol1237,0.97727,121.519,128.0
maka1311,Makasar,maka1311,-5.65551,119.838,1.0
mori1268,Mori Bawah,mori1268,-2.56016,121.37,555.0
kamb1299,Kambera,kamb1299,-9.88447,120.235,324.0
leti1246,Leti (Indonesia),leti1246,-8.19808,127.674,315.0
ambo1250,Ambonese Malay,ambo1250,-3.71342,128.184,191.0
band1353,Banda Malay,band1353,-4.55565,129.905,246.0
mala1481,Manado Malay,mala1481,1.48099,124.843,36.0
kupa1239,Kupang Malay,kupa1239,-10.2526,123.63,363.0
lara1260,Larantuka Malay,lara1260,-8.4746,122.7619,796.0
nort2828,North Moluccan Malay,nort2828,-0.86437,128.323,30.0
nucl1460,Madurese,nucl1460,-7.0,113.0,1639.0
cebu1242,Cebuano,cebu1242,8.38799,124.367,375.0
bali1278,Balinese,bali1278,-8.35714,115.075,1261.0
bugi1244,Buginese,bugi1244,-4.47,119.977,53.0
cent2087,Coastal-Naga Bikol,cent2087,13.7574,123.403,178.0
hili1240,Hiligaynon,hili1240,10.4018,122.974,74.0
pamp1243,Pampanga,pamp1243,14.9603,120.502,28.0
mina1268,Minangkabau,mina1268,4.17,96.25,5.0
pang1290,Pangasinan,pang1290,15.9377,120.365,8.0
teng1272,Tengger,teng1272,-7.89069,113.037,1186.0
anga1288,Angami Naga,anga1288,25.6841,93.8668,457.0
apat1240,Apatani,apat1240,27.1933,93.7284,437.0
assa1263,Assamese,assa1263,26.0876,91.2932,43.0
awad1243,Awadhi,awad1243,27.5907,82.4663,131.0
bada1257,Badaga,bada1257,11.3094,76.5974,1982.0
balt1258,Balti,balt1258,34.4491,77.2859,5588.0
lamb1269,Lambadi,lamb1269,16.5734,76.9717,355.0
bhil1251,Bhili,bhil1251,20.85,73.9592,708.0
bund1253,Bundeli,bund1253,24.8982,78.9542,280.0
chau1259,Chaudangsi,chau1259,29.7033,80.4832,1722.0
chok1243,Chokri Naga,chok1243,25.5636,94.2887,1846.0
darm1243,Darma,darm1243,29.8629,80.5439,1552.0
gata1239,Gata',gata1239,18.6076,82.984,1135.0
gade1236,Gade Lohar,gade1236,25.8583,78.2187,219.0
galo1242,Galo,galo1242,27.9805586,94.6884956,616.0
guja1252,Gujarati,guja1252,22.687,71.0962,105.0
bodo1267,Bodo Gadaba,bodo1267,18.3857,82.771,979.0
halb1244,Halbi,halb1244,20.3081,81.3742,426.0
hooo1248,Ho,hooo1248,23.9596,87.1188,131.0
irul1243,Irula of the Nilgiri,irul1243,12.70645,79.95209,33.0
jaun1243,Jaunsari,jaun1243,30.5587,77.9084,1181.0
kang1280,Kangri,kang1280,31.915,76.366,681.0
nucl1305,Kannada,nucl1305,13.5878,76.1198,705.0
saur1248,Saurashtra,saur1248,9.99172,77.9427,208.0
karb1241,Hills Karbi,karb1241,25.7317,93.0462,85.0
jenn1240,Jennu Kurumba,jenn1240,11.5041,76.5767,1919.0
khez1235,Khezha Naga,khez1235,25.7078,94.3114,1492.0
koda1255,Kodava,koda1255,12.2443,75.9161,950.0
nort2699,Northwestern Kolami,nort2699,20.1022,78.4934,262.0
kond1295,Konda-Dora,kond1295,18.26754,82.93402,957.0
mudh1235,Mudhili Gadaba,mudh1235,18.276,83.378,57.0
korr1238,Korra Koraga,korr1238,12.9163,75.2,96.0
kork1243,Korku,kork1243,21.8358,77.5541,489.0
kuii1252,Kui (India),kuii1252,19.2043,83.5859,485.0
kuma1273,Kumaoni,kuma1273,29.5622,80.0171,1274.0
lepc1244,Lepcha,lepc1244,27.0869,88.5726,1214.0
loth1237,Lotha Naga,loth1237,26.01396,94.04355,487.0
lush1249,Mizo,lush1249,22.6138,92.6247,120.0
mait1250,Maithili,mait1250,26.3817,86.2211,58.0
mala1464,Malayalam,mala1464,9.59208,76.7651,151.0
saur1249,Sauria Paharia,saur1249,24.8124,87.6432,136.0
maon1238,Mao Naga,maon1238,25.3836,94.0035,1413.0
mara1378,Marathi,mara1378,17.9344,76.6665,646.0
miju1243,Kman,miju1243,28.4732,97.0444,1767.0
moyo1238,Moyon,moyo1238,24.4793,94.3421,672.0
nepa1254,Nepali,nepa1254,28.0,85.0,1847.0
cent1990,Central Nicobarese,cent1990,7.94812,93.3921,90.0
pott1240,Pottangi Ollar Gadaba,pott1240,18.5968,82.7586,950.0
oriy1255,Odia,oriy1255,21.0,85.0,139.0
pait1244,Paite Chin,pait1244,24.0381,93.6136,1328.0
duru1236,Duruwa,duru1236,19.0534,82.4881,600.0
patt1248,Pattani,patt1248,32.6963,76.5966,4102.0
peng1244,Pengo,peng1244,19.3435,83.6552,789.0
sans1269,Sanskrit,sans1269,20.0,77.0,491.0
sant1410,Santali,sant1410,25.0317,87.8185,27.0
sumi1235,Sumi Naga,sumi1235,25.9996,94.4235,818.0
shin1264,Shina,shin1264,34.6515,75.287,3697.0
sora1254,Sora,sora1254,19.1213,84.19,979.0
tang1336,East-Central Tangkhul Naga,tang1336,25.0489,94.3567,1531.0
tase1235,Pangwa Naga,tase1235,27.2572,96.3855,832.0
thad1238,Thado Chin,thad1238,24.096,93.722,1273.0
toda1252,Toda,toda1252,11.4184,77.0168,368.0
kokb1239,Kok Borok,kokb1239,23.1916,91.4673,12.0
ural1274,Urali of Idukki,ural1274,10.8519,76.8007,576.0
urdu1245,Urdu,urdu1245,25.0,67.0,49.0
vaag1238,Vaagri Booli,vaag1238,12.215,79.5335,61.0
ravu1237,Ravula,ravu1237,12.3231,75.6265,880.0
yeru1240,Yerukula,yeru1240,17.3702,81.9748,131.0
acha1250,Achagua,acha1250,4.38649,-72.2005,169.0
araw1276,Lokono,araw1276,5.64295,-56.9243,5.0
ajyi1238,Ajyíninka Apurucayali,ajyi1238,-9.82364,-74.61947,491.0
ashe1272,Ashéninka Perené,ashe1272,-10.9777,-74.9153,964.0
pich1237,Pichis Ashéninka,pich1237,-10.47249,-74.60281,1033.0
ucay1237,Ucayali-Yurúa Ashéninka,ucay1237,-9.49424,-73.1836,325.0
bare1276,Baré,bare1276,1.91649,-66.828,105.0
cabi1241,Cabiyarí,cabi1241,0.16101,-71.0622,195.0
caqu1242,Caquinte,caqu1242,-11.4812,-73.4451,804.0
curr1243,Curripaco,curr1243,0.69618,-67.5028,97.0
enaw1238,Enawené-Nawé,enaw1238,-12.4302,-58.9802,373.0
inap1243,Iñapari,inap1243,-12.4653,-69.3083,270.0
guan1270,Kinikinao,guan1270,-19.1667,-54.0333,359.0
mach1268,Machinere,mach1268,-10.4804,-69.7683,241.0
mach1267,Machiguenga,mach1267,-12.1291,-72.5017,2177.0
mehi1240,Mehináku,mehi1240,-12.5364,-53.521,314.0
nant1250,Nanti,nant1250,-12.1018,-72.3507,1627.0
noma1263,Nomatsiguenga,noma1263,-11.5349,-74.4371,849.0
pali1279,Palikúr,pali1279,3.63993,-51.6246,33.0
para1316,Paraujano,para1316,10.8427,-71.8399,64.0
pare1272,Parecís,pare1272,-14.5929,-57.4059,380.0
piap1246,Piapoco,piap1246,4.37718,-68.5953,124.0
tari1256,Tariana,tari1256,0.440205,-68.9042,113.0
tere1279,Terena-Kinikinao-Chane,tere1279,-20.6614,-56.0329,229.0
guar1293,Baniva de Maroa,guar1293,1.80835,-66.922505,110.0
waur1244,Waurá,waur1244,-13.296,-53.6971,353.0
xiri1243,Xiriâna,xiri1243,2.69932,-62.5413,270.0
yavi1244,Yavitero,yavi1244,2.800281,-68.084219,118.0
yawa1261,Yawalapití,yawa1261,-12.5104,-53.4236,329.0
baur1253,Baure,baur1253,-13.1278,-64.1838,135.0
deni1241,Deni,deni1241,-6.74962,-67.5029,145.0
culi1244,Culina,culi1244,-8.55268,-70.6648,224.0
paum1247,Paumari,paum1247,-5.78403,-64.2803,42.0
suru1263,Suruahá,suru1263,-6.82525,-66.3146,126.0
cent2142,Central Aymara,cent2142,-17.0,-68.5,4216.0
bora1263,Bora,bora1263,-2.91467,-68.9093,70.0
chay1248,Shawi,chay1248,-5.63764,-76.8252,1074.0
akur1238,Akurio,akur1238,3.19607,-55.6294,204.0
apal1257,Apalaí,apal1257,1.49792,-54.7457,352.0
para1310,Pará Arára,para1310,-3.71263,-53.0657,182.0
cari1279,Carijona,cari1279,1.21894,-72.0664,222.0
ikpe1245,Ikpeng,ikpe1245,-11.37822,-53.49553,334.0
kaxu1237,Kaxuiâna,kaxu1237,2.17138,-55.9101,338.0
kuik1246,Kuikúro-Kalapálo,kuik1246,-12.3035,-53.2261,287.0
macu1259,Macushi,macu1259,4.31861,-60.2209,389.0
mapo1246,Mapoyo,mapo1246,5.96952,-67.2581,138.0
maqu1238,Maquiritari,maqu1238,4.70705,-64.3877,1206.0
pemo1248,Pemon,pemo1248,4.97031,-61.4033,839.0
pemo1245,Pémono,pemo1245,5.248,-66.082,153.0
trio1238,Trió,trio1238,2.53616,-55.7599,648.0
waim1253,Waimiri-Atroari,waim1253,-0.61832,-60.4259,87.0
waiw1244,Waiwai,waiw1244,1.50881,-59.1417,386.0
yaba1248,Yabarana,yaba1248,5.32692,-66.276,810.0
orow1243,Oro Win,orow1243,-10.737,-64.0299,398.0
bari1297,Barí,bari1297,9.08497,-72.9353,38.0
chib1270,Chibcha,chib1270,6.24999,-74.1666,183.0
chim1309,Chimila,chim1309,10.1902,-74.2559,188.0
cogu1240,Cogui,cogu1240,10.9485,-73.8043,1619.0
mala1522,Malayo,mala1522,10.9286,-73.4056,2813.0
cent2150,Central Tunebo,cent2150,6.8867,-72.097,578.0
woun1238,Woun Meu,woun1238,8.5,-78.0,59.0
embe1259,Emberá-Baudó,embe1259,5.2824,-76.32548,245.0
embe1260,Emberá-Catío,embe1260,7.52721,-76.7476,17.0
embe1262,Emberá-Chamí,embe1262,4.8791,-76.0749,1966.0
nort2972,Northern Emberá,nort2972,7.12761,-77.574,238.0
puel1244,Puelche,puel1244,-36.6376,-62.9413,120.0
onaa1245,Selk'nam,onaa1245,-54.0,-68.5,727.0
coca1259,Cocama-Cocamilla,coca1259,-4.5,-74.0,92.0
cuib1242,Cuiba,cuib1242,6.19829,-69.8197,97.0
guay1257,Guayabero,guay1257,2.8969,-71.844,184.0
maca1259,Macaguán,maca1259,6.34582,-71.2671,151.0
amar1274,Amarakaeri,amar1274,-12.4931,-70.5533,261.0
chol1284,Cholón,chol1284,-9.23129,-75.9621,717.0
abis1238,Aewa,abis1238,-0.69386,-75.2183,233.0
cand1248,Candoshi-Shapra,cand1248,-4.23835,-76.9347,144.0
leco1242,Leco,leco1242,-15.0092,-67.8818,488.0
moch1259,Mochica,moch1259,-8.01667,-79.0,372.0
muni1258,Muniche,muni1258,-5.80546,-76.2811,176.0
puin1248,Puinave,puin1248,3.92974,-67.6886,78.0
taus1253,Taushiro,taus1253,-3.22497,-75.5603,215.0
tini1245,Tinigua,tini1245,2.716,-73.768,272.0
urar1246,Urarina,urar1246,-4.44006,-75.4211,127.0
vile1241,Vilela,vile1241,-27.4063,-58.9661,51.0
yama1264,Yámana,yama1264,-55.2748,-68.2648,271.0
achu1248,Achuar-Shiwiar,achu1248,-2.82646,-77.2641,246.0
agua1253,Aguaruna,agua1253,-5.30044,-77.9218,1513.0
huam1247,Huambisa,huam1247,-3.99109,-77.9797,1216.0
nuka1242,Nukak Makú,nuka1242,2.65939,-71.4629,220.0
nucl1668,Katukína,nucl1668,-8.19121,-70.3822,174.0
arik1265,Arikapú,arik1265,-12.4878,-62.7261,191.0
cane1242,Canela-Krahô,cane1242,-6.10712,-45.1299,297.0
chiq1248,Chiquitano,chiq1248,-17.6354,-59.9172,311.0
para1315,Pará Gavião,para1315,-4.91161,-49.0217,126.0
guat1253,Guató,guat1253,-17.8696,-57.2897,97.0
djeo1235,Djeoromitxí,djeo1235,-12.038,-64.6694,163.0
kara1500,Karajá,kara1500,-11.1881,-50.3492,183.0
kaya1330,Kayapó,kaya1330,-7.77352,-51.6737,394.0
krah1246,Krahô,krah1246,-8.01172,-47.5774,227.0
kren1239,Krenak,kren1239,-18.9988,-41.2299,194.0
krik1239,Krikati-Timbira,krik1239,-5.94252,-46.7504,326.0
ofay1240,Ofayé,ofay1240,-22.278,-53.7227,337.0
pana1307,Panará,pana1307,-10.58,-53.0,315.0
puri1262,Puri,puri1262,-20.7329,-43.6069,763.0
rikb1245,Rikbaktsa,rikb1245,-11.1887,-58.1942,246.0
suya1243,Suyá,suya1243,-11.5178,-53.0743,290.0
umot1240,Umotína,umot1240,-15.5929,-57.4192,132.0
xava1240,Xavánte,xava1240,-14.3017,-52.4367,325.0
xere1240,Xerénte,xere1240,-9.59426,-48.2629,292.0
xokl1240,Xokleng,xokl1240,-26.9217,-49.5886,806.0
saop1235,São Paulo Kaingáng,saop1235,-23.5708,-46.7609,734.0
iyow1239,Iyo'wujwa Chorote,iyow1239,-22.2067,-62.6508,265.0
maca1260,Maca,maca1260,-25.0119,-57.3694,69.0
wich1262,Wichí Lhamtés Nocten,wich1262,-21.988,-63.5971,665.0
call1235,Callawalla,call1235,-15.88451,-68.10176,2358.0
daww1239,Dâw,daww1239,-0.1177,-67.2934,115.0
nade1244,Nadëb,nade1244,-1.24449,-66.3068,83.0
yuhu1238,Yuhup,yuhu1238,0.2485,-69.8079,120.0
latu1238,Latundê,latu1238,-12.608792,-60.422423,481.0
mama1278,Mamaindé,mama1278,-12.986439,-60.101072,578.0
shar1245,Sharanahua,shar1245,-9.8626,-71.1232,339.0
capa1241,Capanahua,capa1241,-6.63254,-74.3813,185.0
cash1251,Cashibo-Cacataibo,cash1251,-8.70232,-75.4206,277.0
cash1254,Cashinahua,cash1254,-9.72027,-71.1733,273.0
pano1254,Panoan Katukína,pano1254,-7.97456,-71.56151,242.0
kaxa1239,Kaxararí,kaxa1239,-9.47288,-66.3329,173.0
koru1247,Korubo,koru1247,-5.3655,-70.5094,146.0
mati1255,Matís,mati1255,-4.3553,-70.2079,75.0
nuku1263,Nukuini,nuku1263,-7.339,-73.5044,243.0
pano1255,Panobo,pano1255,-7.16666,-75.0,503.0
poya1241,Poyanáwa,poya1241,-7.46909,-73.0758,204.0
sian1254,Siang,sian1254,-0.38398,114.693,51.0
shal1242,Shall-Zwall,shal1242,9.87556,9.64988,574.0
yami1256,Yaminahua,yami1256,-9.8846,-71.5964,329.0
yora1241,Yora,yora1241,-11.3704,-72.0409,562.0
yame1242,Yameo,yame1242,-4.16666,-73.6667,145.0
coro1247,Corongo Ancash Quechua,coro1247,-8.57647,-77.9864,3510.0
caja1238,Cajamarca Quechua,caja1238,-7.09314,-78.3214,3237.0
chac1250,Chachapoyas Quechua,chac1250,-6.27021,-77.6615,2471.0
cusc1236,Cusco Quechua,cusc1236,-14.0853,-71.7663,4588.0
lamb1276,Lambayeque Quechua,lamb1276,-6.1715,-79.468,1908.0
imba1240,Imbabura Highland Quichua,imba1240,0.31776,-78.3729,3401.0
inga1252,Inga,inga1252,1.00313,-76.8606,2452.0
jung1240,Jungle Inga,jung1240,0.88872,-76.6593,373.0
nort2980,North Junín Quechua,nort2980,-11.2132,-75.8128,4304.0
ayac1239,Ayacucho Quechua,ayac1239,-13.84714,-74.32246,3496.0
nort2976,North Bolivian Quechua,nort2976,-14.4014,-68.7894,2826.0
hual1241,Huallaga Huánuco Quechua,hual1241,-9.57135,-75.594,1162.0
nort2979,Northern Conchucos Ancash Quechua,nort2979,-8.97356,-77.4146,3489.0
sanm1289,San Martín Quechua,sanm1289,-6.9582,-76.6608,939.0
sant1432,Santiago del Estero Quichua,sant1432,-27.821,-63.2466,135.0
napo1242,Napo Lowland Quechua,napo1242,-0.072525,-76.3889,246.0
tena1240,Tena Lowland Quichua,tena1240,-0.76271,-77.5404,964.0
piar1243,Piaroa,piar1243,4.41805,-67.7574,97.0
arao1248,Araona,arao1248,-12.4242,-67.7293,191.0
esee1248,Ese Ejja,esee1248,-11.7268,-67.515,217.0
reye1240,Reyesano,reye1240,-14.8333,-67.0833,245.0
bara1380,Barasana-Eduria,bara1380,0.02193,-70.808,251.0
desa1247,Desano,desa1247,0.58157,-69.4955,146.0
cara1272,Carapana,cara1272,0.06168,-69.6465,129.0
kore1283,Koreguaje,kore1283,0.92316,-75.3475,261.0
macu1260,Macuna,macu1260,-0.14459,-70.0749,168.0
orej1242,Maijiki,orej1242,-2.86315,-72.4926,145.0
pira1254,Wa'ikhana,pira1254,0.50714,-69.5032,150.0
siri1274,Siriano,siri1274,0.436515,-70.184,187.0
tani1257,Tanimuca-Retuarã,tani1257,-0.59023,-70.3853,135.0
tuca1252,Tucano,tuca1252,0.579755,-69.5763,148.0
tuyu1244,Tuyuca,tuyu1244,0.39441,-70.043515,186.0
yuru1263,Yurutí,yuru1263,0.735585,-69.6955,172.0
akun1241,Akuntsu,akun1241,-12.8322,-60.9716,349.0
amun1246,Amundava,amun1246,-9.04023,-62.3064,117.0
apia1248,Apiaká,apia1248,-7.84711,-57.91,140.0
araw1273,Araweté,araw1273,-4.90246,-52.5001,202.0
xing1248,Xingú Asuriní,xing1248,-4.13463,-52.321,184.0
toca1235,Tocantins Asurini,toca1235,-3.59359,-49.8991,74.0
avac1239,Avá-Canoeiro,avac1239,-13.6081,-48.1336,518.0
awet1244,Awetí,awet1244,-12.381944,-53.391944,296.0
east2555,Eastern Bolivian Guaraní,east2555,-21.0909,-61.7179,267.0
emer1243,Emerillon,emer1243,3.23694,-52.3699,149.0
gavi1246,Gavião Do Jiparaná,gavi1246,-10.7235,-61.6752,216.0
guaj1256,Guajá,guaj1256,-3.93574,-46.3683,98.0
mbya1239,Mbyá Guaraní,mbya1239,-26.0188,-52.711,516.0
guar1292,Guarayu,guar1292,-15.8247,-61.6934,349.0
juma1249,Júma,juma1249,-7.27501,-64.0998,74.0
juru1256,Jurúna,juru1256,-10.9354,-53.3472,316.0
urub1250,Urubú-Kaapor,urub1250,-2.46455,-46.2204,82.0
kaiw1246,Kaiwá,kaiw1246,-24.589,-54.6815,305.0
kama1373,Kamayurá,kama1373,-12.2661,-53.4651,313.0
kuru1309,Kuruáya,kuru1309,-3.09561,-52.2303,143.0
maku1278,Makuráp,maku1278,-11.8701,-64.3201,189.0
nhen1239,Nhengatu,nhen1239,1.04503,-66.9646,110.0
omag1248,Omagua,omag1248,-3.526,-69.1667,72.0
pait1247,Pai Tavytera,pait1247,-23.15945,-56.11758,284.0
para1312,Parakanã,para1312,-4.64681,-50.0621,175.0
sate1243,Sateré-Mawé,sate1243,-3.63897,-56.8749,71.0
suru1262,Suruí,suru1262,-11.0989,-61.2818,212.0
tapi1253,Tapieté,tapi1253,-21.4169,-62.684,299.0
tapi1254,Tapirapé,tapi1254,-10.5373,-50.5438,179.0
temb1276,Tenetehara,temb1276,-2.6123,-48.2359,52.0
tenh1241,Tenharim-Parintintin-Diahoi,tenh1241,-7.92626,-61.936,98.0
tupa1250,Tuparí,tupa1250,-11.8884,-62.2544,232.0
tupi1273,Tupinambá,tupi1273,-22.807778,-42.106389,67.0
urue1240,Uru-Eu-Wau-Wau,urue1240,-10.9176,-63.8086,245.0
waya1270,Wayampi,waya1270,1.73817,-52.6887,212.0
xeta1241,Xetá,xeta1241,-24.9408,-52.2266,687.0
xipa1240,Xipaya,xipa1240,-4.133,-49.948,86.0
zoee1240,Zo'é,zoee1240,-1.77208,-55.50746,94.0
yuqu1240,Yuqui,yuqu1240,-16.7875,-64.9438,207.0
mato1253,Mato Grosso Arára,mato1253,-13.175,-55.869,385.0
yuwa1244,Hoti,yuwa1244,5.63879,-65.4267,848.0
kari1255,Karirí-Xocó,kari1255,-9.84999,-36.3333,161.0
kunz1244,Kunza,kunz1244,-23.0,-69.0,2421.0
pume1238,Pumé,pume1238,7.10677,-67.5996,48.0
chip1262,Chipaya,chip1262,-18.73951,-67.89633,3711.0
uruu1244,Uru,uruu1244,-16.72547,-68.97119,3809.0
mini1256,Minica Huitoto,mini1256,-1.54535,-73.1107,159.0
muru1274,Murui Huitoto,muru1274,-1.13669,-73.8331,162.0
nonu1241,Nonuya,nonu1241,-1.25,-72.5,156.0
yano1262,Yanomámi,yano1262,2.48999,-62.8522,321.0
yano1261,Yanomamö,yano1261,1.67967,-64.8781,548.0
cham1315,Chamacoco,cham1315,-20.5899,-58.2005,90.0
ayor1240,Ayoreo,ayor1240,-19.220055,-60.217495,232.0
ando1255,Andoa,ando1255,-3.29664,-76.6056,216.0
iqui1243,Iquito,iqui1243,-3.31233,-73.97046,139.0
zapa1253,Záparo,zapa1253,-1.99871,-76.364,211.0
chir1286,Chiripá,chir1286,-25.6521,-55.051,207.0
pisa1245,Pisamira,pisa1245,1.1017,-70.502483,177.0
paca1246,Pacahuara,paca1246,-11.9968,-65.5568,148.0
yukp1241,Yukpa,yukp1241,9.67534,-73.0557,1971.0
trin1274,Trinitario,trin1274,-15.3331,-65.4096,162.0
stan1318,Standard Arabic,stan1318,27.9625,43.8525,616.0
dani1285,Danish,dani1285,54.8655,9.36284,32.0
sout2832,Southwestern Dinka,sout2832,8.81115,28.0613,408.0
esto1258,Estonian,esto1258,58.55,25.82,61.0
swis1247,Swiss German,swis1247,47.0516,8.46419,1292.0
ladi1251,Ladino,ladi1251,41.205,28.6632,132.0
ersu1241,Ersu,ersu1241,29.2867,102.213,2329.0
luxe1241,Luxembourgish,luxe1241,49.6839,6.14931,357.0
besi1244,Besisi,besi1244,2.717,101.676,11.0
mafe1237,Mafea,mafe1237,-15.4316,167.241,0.0
cent2092,Central Sama,cent2092,7.004574,118.455978,72.0
slov1269,Slovak,slov1269,48.545705,18.78479,230.0
taus1251,Tausug,taus1251,5.12236,118.88,59.0
sanm1298,San Martín Itunyoso Triqui,sanm1298,17.2428,-97.9202,2410.0
isth1244,Isthmus Zapotec,isth1244,16.4548,-94.8444,8.0
bukh1238,Bukharic,bukh1238,41.0,64.0,218.0
kumz1235,Kumzari,kumz1235,26.1602,56.4202,168.0
coco1260,Cocos Islands Malay,coco1260,-12.193342,96.833679,3.0
plau1238,Plautdietsch,plau1238,49.578028,-109.353868,1124.0
pitj1243,Pitjantjatjara,pitj1243,-26.9704,131.357,524.0
sout2672,Southeast Pashayi,sout2672,34.43099,70.30351,684.0
vlax1238,Vlax Romani,vlax1238,46.8191,14.8451,438.0
shix1238,Shixing,shix1238,28.3895,100.4,4788.0
uppe1400,Upper Saxon,uppe1400,51.152,12.692,199.0
pite1240,Pite Saami,pite1240,66.4011,17.4261,526.0
nort2671,North Saami,nort2671,68.725,22.1113,532.0
belh1239,Belhariya,belh1239,26.9972,87.2783,1638.0
hunz1247,Hunzib,hunz1247,42.0808,46.1369,2086.0
even1259,Evenki,even1259,53.85,108.626,607.0
hmon1264,Hmong Njua,hmon1264,22.5638,101.95,1109.0
udmu1245,Udmurt,udmu1245,56.12921,52.63548,136.0
east2337,East Yugur,east2337,37.9882,101.762,2742.0
moks1248,Moksha,moks1248,54.1855,42.6728,153.0
rajb1243,Rajbanshi,rajb1243,26.521945,88.038582,87.0
bakh1245,Bakhtiari,bakh1245,32.0163,49.7713,1111.0
cent1972,Central Kurdish,cent1972,35.6539,45.8077,1350.0
dolg1241,Dolgan,dolg1241,71.1083,94.2936,48.0
dark1243,Darkhat,dark1243,50.623,99.4449,2034.0
sout2697,South Azerbaijani,sout2697,36.5137,48.4302,2260.0
kild1236,Kildin Saami,kild1236,68.2158,35.8348,215.0
lowa1242,Lowa,lowa1242,29.0324,83.8959,3437.0
stod1241,Stod Bhoti,stod1241,32.497,77.116,3846.0
taji1245,Tajik,taji1245,38.8213,68.5549,3125.0
yong1270,Yongning Na,yong1270,27.8,100.9,3337.0
ishk1246,Ishkashimi,ishk1246,36.67,71.55,3170.0
west2392,Western Mari,west2392,56.22,46.569,179.0
mira1251,Mirandese,mira1251,41.5375,-6.38371,760.0
jude1256,Judeo-Tat,jude1256,42.068306,48.264749,101.0
munj1244,Munji,munj1244,35.9321,70.9404,4061.0
nauk1242,Naukan Yupik,nauk1242,65.5184,-171.755,8.0
thak1245,Thakali,thak1245,28.7014,83.6466,2754.0
bujh1238,Bujhyal,bujh1238,28.0084,84.5068,881.0
kang1281,Kangjia,kang1281,35.043,101.254,3839.0
roma1326,Romansh,roma1326,46.5538,9.92812,2402.0
sher1255,Solu-Khumbu Sherpa,sher1255,27.674,86.9994,4624.0
lezg1247,Lezgian,lezg1247,41.5157,47.8951,1577.0
huml1238,Humla,huml1238,30.1451,81.5659,4877.0
nort2741,Northeastern Thai,nort2741,14.3253,102.986,239.0
dhiv1236,Dhivehi,dhiv1236,1.928498,73.54433,5.0
russ1264,Russia Buriat,russ1264,50.8533,105.564,1264.0
kara1467,Kara-Kalpak,kara1467,39.98,63.3223,182.0
nort2646,Northern Pashto,nort2646,34.0,71.33,562.0
ligu1248,Ligurian,ligu1248,44.0816,7.90522,714.0
voti1245,Votic,voti1245,59.3802,28.6235,28.0
kham1282,Khams Tibetan,kham1282,31.9313,91.7062,4612.0
dido1241,Tsez,dido1241,42.2646,45.8096,1866.0
wymy1235,Wymysorys,wymy1235,49.91617,19.15195,287.0
gaga1249,Gagauz,gaga1249,44.5988,28.0277,3.0
sout2746,Southern Thai,sout2746,6.85668,99.7031,0.0
kuni1268,Kunigami,kuni1268,26.5911,128.068,274.0
rusy1239,Rusyn,rusy1239,48.7171,22.9579,627.0
guru1261,Gurung,guru1261,27.41687,86.28988,1919.0
west2368,Western Balochi,west2368,37.83,62.17,222.0
baim1244,Baima,baim1244,33.1001,103.952,3648.0
adyg1241,Adyghe,adyg1241,44.0,39.33,267.0
dakp1242,Dakpakha,dakp1242,27.3762,91.8245,2619.0
lizu1234,Lizu,lizu1234,28.333425,101.350309,2638.0
kumy1244,Kumyk,kumy1244,43.0,47.0,531.0
chan1310,Chantyal,chan1310,28.684,83.4488,4188.0
bhoj1244,Bhojpuri,bhoj1244,26.458455,84.817115,63.0
gheg1238,Gheg Albanian,gheg1238,42.317,21.3837,523.0
rawa1265,Rawang,rawa1265,27.1027,97.0738,2134.0
saek1240,Saek,saek1240,17.4558,104.787,158.0
pare1266,Gorum-Parenga,pare1266,19.075,83.9723,566.0
shan1277,Shan,shan1277,21.5995,98.0342,1091.0
spit1240,Spiti Bhoti,spit1240,32.526,77.833,5501.0
nort2686,Northern Altai,nort2686,50.8998,88.0672,1867.0
faro1244,Faroese,faro1244,62.0732,-6.88497,300.0
dzal1238,Dzalakha,dzal1238,27.7855,91.374,3834.0
komi1277,Komi-Yazva,komi1277,60.717,55.756,184.0
puoc1238,Ksingmul,puoc1238,20.8862,103.931,392.0
hela1238,Lamjung-Melamchi Yolmo,hela1238,27.9212,85.6289,1269.0
svan1243,Svan,svan1243,42.9134,42.5915,3319.0
kyer1238,Kyerung,kyer1238,28.2922,85.4257,3398.0
dzon1239,Dzongkha,dzon1239,27.410786,89.581604,2683.0
wayu1241,Wayu,wayu1241,27.3047,86.1227,1154.0
kara1464,Karaim,kara1464,54.5534,25.1054,167.0
varl1238,Varli,varl1238,20.5635,73.2975,200.0
wels1247,Welsh,wels1247,52.0,-4.0,191.0
japh1234,Japhug,japh1234,32.1,102.36,4108.0
alut1245,Alutor,alut1245,60.3844,165.653,77.0
sikk1242,Sikkimese,sikk1242,27.85795,88.59153,4992.0
yagn1238,Yagnobi,yagn1238,39.1486,69.2422,2880.0
zhon1235,Zhongu,zhon1235,32.43582,103.44179,2903.0
nyaw1245,Nyaw,nyaw1245,17.1213,104.151,162.0
nort2722,Northern Qiang,nort2722,32.2766,103.192,3258.0
khak1248,Khakas,khak1248,50.7393,107.169,792.0
arbe1236,Arbëreshë Albanian,arbe1236,38.911,16.7164,79.0
kurt1248,Kurtokha,kurt1248,27.5365,90.9822,3700.0
kara1474,Karata,kara1474,42.6501,46.3151,1905.0
norw1258,Norwegian,norw1258,59.92,10.71,40.0
sout2679,South Estonian,sout2679,57.85,27.0,71.0
kare1335,Karelian,kare1335,65.1691,30.8655,101.0
livv1244,Liv,livv1244,57.566,22.0262,20.0
fore1274,Forest Nenets,fore1274,63.72,71.97,100.0
miya1259,Miyako,miya1259,24.7564,125.363,65.0
maga1260,Magahi,maga1260,25.0915,85.3335,65.0
puri1258,Purik-Sham-Nubra,puri1258,34.3386,76.0127,5052.0
kama1351,Kamas-Koibal,kama1351,55.07,94.83,429.0
dhim1246,Dhimal,dhim1246,26.6283,88.3798,103.0
andi1255,Andi,andi1255,42.8078,46.2919,1908.0
abkh1244,Abkhazian,abkh1244,43.056218,41.159115,601.0
fore1265,Forest Enets,fore1265,69.9829,88.2121,134.0
west2354,Western Frisian,west2354,53.143,5.86091,-1.0
taid1249,Tai Daeng,taid1249,20.4559,104.625,1120.0
chen1255,Chenchu,chen1255,15.8787,79.2534,158.0
mans1258,Northern Mansi,mans1258,64.4118,61.344,76.0
dong1285,Dongxiang,dong1285,35.5808,103.558,2103.0
occi1239,Occitan,occi1239,44.1415,6.82979,1575.0
kond1303,Konda,kond1303,-1.82635,132.06,19.0
sich1238,Sichuan Yi,sich1238,28.1947,102.121,1607.0
veps1250,Veps,veps1250,60.3353,34.7865,223.0
stan1325,Standard Latvian,stan1325,57.0,24.0,19.0
ters1235,Ter Saami,ters1235,67.2458,38.5061,195.0
east2304,Eastern Balochi,east2304,28.0,62.0,1389.0
serb1264,Serbian,serb1264,44.3238,21.9192,652.0
shum1243,Shumcho,shum1243,31.6862,78.3865,3984.0
scot1243,Scots,scot1243,55.886945,-3.710133,184.0
mehr1241,Mehri,mehr1241,21.4268,51.1512,153.0
wakh1245,Wakhi,wakh1245,37.1768,73.9777,4286.0
astu1245,Asturian-Leonese-Cantabrian,astu1245,42.4181,-6.02227,846.0
phut1244,Phu Thai,phut1244,17.7544966667,104.684233333,211.0
nort2740,Northern Thai,nort2740,18.857495,100.20739,401.0
sala1264,Salar,sala1264,35.5457,102.819,2837.0
walu1241,Walungge,walu1241,27.695,87.2374,3937.0
doma1258,Domari,doma1258,32.0,35.0,195.0
amdo1237,Amdo Tibetan,amdo1237,34.5177,100.485,4058.0
west2408,Western Muria,west2408,20.2384,80.7006,349.0
kara1462,Taiga Sayan Turkic,kara1462,53.7145,98.3792,1399.0
uppe1395,Upper Sorbian,uppe1395,51.2403,14.4098,170.0
sout2642,Southern Balochi,sout2642,26.0,64.0,548.0
camp1261,Campidanese Sardinian,camp1261,39.0566,9.03935,38.0
acha1249,Longchuan Achang,acha1249,24.3479,97.7438,1665.0
axiy1235,Axi Yi,axiy1235,24.6009,103.713,
temi1246,Temiar,temi1246,4.974,101.438,
ghod1238,Godoberi,ghod1238,42.7428,46.2252,
skol1241,Skolt Saami,skol1241,68.8326,29.7204,
jahh1242,Jah Hut,jahh1242,3.67619,102.291,
udih1248,Udihe,udih1248,46.6309,135.678,
tain1252,Tai Nüa,tain1252,21.7837,99.722,
komi1269,Komi-Permyak,komi1269,59.6602,54.7959,
taid1248,Tai Do-Mene-Yo,taid1248,19.1801,104.938,437.0
sout2729,Southern Pumi,sout2729,27.8408,100.622,3248.0
bona1250,Bonan,bona1250,35.6972,102.995,2021.0
wane1241,Waneci,wane1241,30.0501,67.8327,785.0
turk1304,Turkmen,turk1304,37.0872,59.1757,2387.0
kalm1243,Oirad-Kalmyk,kalm1243,46.566667,45.316667,-6.0
scot1245,Scottish Gaelic,scot1245,56.7574,-5.24366,216.0
lowe1385,Lower Sorbian,lowe1385,51.6621,13.9407,127.0
najd1235,Najdi Arabic,najd1235,30.3371,42.1773,442.0
tata1255,Tatar,tata1255,55.0,50.0,139.0
uigh1240,Uighur,uigh1240,43.67,79.75,601.0
erzy1239,Erzya,erzy1239,52.8548,45.3901,188.0
narp1239,Nar Phu,narp1239,28.76714,84.22852,4590.0
sheh1240,Jibbali,sheh1240,17.29154,53.99526,780.0
pnar1238,Pnar,pnar1238,24.8237,92.2628,14.0
buna1275,Bunaba,buna1275,-17.8297,125.631,160.0
goon1238,Gooniyandi,goon1238,-18.4073,126.351,348.0
madn1237,Madngele,madn1237,-13.9479,130.6,30.0
wadj1254,Wadjiginy,wadj1254,-12.8596,130.737,57.0
mari1417,Marimanindji,mari1417,-14.1788,130.561,235.0
mari1419,Maringarr,mari1419,-14.3819,130.25,263.0
mari1424,Marithiel,mari1424,-13.8818,130.237,101.0
mart1254,Marti Ke,mart1254,-14.0058,129.837,27.0
amii1238,Ami,amii1238,-13.5573,130.04,3.0
lara1258,Laragia,lara1258,-12.4111,130.922,40.0
nucl1327,Limilngan,nucl1327,-12.4294,131.845,15.0
umbu1235,Umbugarla,umbu1235,-12.9325,131.825,51.0
wany1247,Wanyi,wany1247,-18.6529,137.608,339.0
erre1238,Erre,erre1238,-12.2839,132.868,12.0
mang1382,Mangerr,mang1382,-12.2391,132.973,3.0
urni1239,Urningangg,urni1239,-13.4766,133.023,405.0
anin1240,Anindilyakwa,anin1240,-13.99904,136.6415,70.0
ngal1292,Ngalkbun,ngal1292,-13.9783,133.936,145.0
gaga1251,Gaagudju,gaga1251,-12.5176,132.643,54.0
ngan1295,Ngandi,ngan1295,-12.8448,134.649,70.0
djau1244,Jawoyn,djau1244,-14.1361,133.002,231.0
remb1249,Rembarrnga,remb1249,-12.9608,134.308,239.0
amar1271,Amurdak,amar1271,-11.9876,132.878,19.0
marg1251,Margu,marg1251,-11.1823,132.587,10.0
wurr1238,Wurrugu,wurr1238,-11.364,132.303,54.0
iwai1244,Iwaidja,iwai1244,-11.3379,132.453,36.0
miri1266,Miriwung,miri1266,-16.3596,128.889,91.0
kitj1240,Kitja,kitj1240,-17.5758,127.392,528.0
kung1259,Kungarakany,kung1259,-12.7,130.881,11.0
djee1236,Djeebbana,djee1236,-12.0133,134.097,36.0
gura1252,Guragone,gura1252,-12.66855,134.09501,91.0
naka1260,Nakara,naka1260,-12.07653,134.32729,28.0
wand1263,Wandarang,wand1263,-14.2996,135.705,2.0
mang1381,Mangarrayi,mang1381,-14.7982,133.803,74.0
djam1255,Jaminjung-Ngaliwurru,djam1255,-15.0558,130.06,71.0
nung1291,Nungali,nung1291,-14.9109,131.641,232.0
ngar1283,Ngarnka,ngar1283,-17.42,134.73,235.0
djin1251,Jingulu,djin1251,-17.165,133.659,227.0
wamb1258,Wambayan,wamb1258,-17.496,135.683,264.0
mink1237,Minkin,mink1237,-17.736653,139.541931,3.0
nyig1240,Nyigina,nyig1240,-17.9594,124.348,41.0
warr1258,Warrwa,warr1258,-17.0965,123.971,5.0
dyug1238,Dyugun,dyug1238,-17.906,122.408,14.0
yawu1244,Yawuru,yawu1244,-18.004,122.693,11.0
nima1245,Nimanbur,nima1245,-17.374,123.228,19.0
dyab1238,Dyaberdyaber,dyab1238,-17.18653,122.52306,141.0
djaw1238,Djawi,djaw1238,-16.4163,123.186,4.0
nyul1247,Nyulnyul,nyul1247,-16.9129,122.851,86.0
ande1247,Andegerebinha,ande1247,-22.51278,137.3515,213.0
lowe1436,Lower Southern Aranda,lowe1436,-26.3,135.4,217.0
kayt1238,Kaytetye,kayt1238,-21.5844,133.602,470.0
guwa1244,Guwar,guwa1244,-27.16698973,153.3998245,113.0
bung1264,Bunganditj,bung1264,-36.5,140.5,118.0
warr1257,Warrnambool,warr1257,-38.345,142.4608,32.0
gami1243,Yuwaalaraay-Gamilaraay,gami1243,-29.9037,149.543,183.0
muru1266,Muruwari,muru1266,-28.9618,146.546,138.0
wira1262,Wiradhuri,wira1262,-34.0742,145.994,130.0
yuwa1242,Yuwaalaraay,yuwa1242,-29.758184,147.923684,136.0
dhud1236,Dhudhuroa,dhud1236,-36.95881441,147.0450379,908.0
warr1255,Warrgamay,warr1255,-18.5468,146.179,14.0
kumb1268,Kumbainggar,kumb1268,-29.8189,152.913,31.0
yayg1236,Yaygir,yayg1236,-29.91558791,153.2691386,27.0
guwa1242,Guwa,guwa1242,-21.35147706,142.5243782,169.0
yand1251,Yanda,yand1251,-21.23270508,140.5134756,346.0
yala1262,Yalarnnga,yala1262,-21.731,139.511,333.0
bayu1240,Bayungu,bayu1240,-23.3809,114.108,29.0
burd1238,Burduna,burd1238,-22.9646,114.658,76.0
dhal1245,Dhalandji,dhal1245,-22.196,114.937,25.0
djiw1241,Djiwarli,djiw1241,-24.10724,116.98858,456.0
dhar1247,Dhargari,dhar1247,-24.0601,114.847,171.0
wari1262,Wariyangga,wari1262,-24.353,116.927,398.0
mith1236,Mithaka,mith1236,-25.13606725,139.598447,82.0
dira1238,Dirari,dira1238,-28.7992,138.078,2.0
pirl1238,Pirlatapa,pirl1238,-29.524,139.77,19.0
yand1253,Yandruwandha,yand1253,-28.4744,140.583,49.0
yawa1258,Yawarawarga,yawa1258,-26.7334,140.871,84.0
punt1240,Punthamara,punt1240,-27.33,143.0,120.0
arab1267,Arabana,arab1267,-28.705,135.449,113.0
wang1290,Wangganguru,wang1290,-25.8148,135.941,111.0
pitt1247,Pitta Pitta,pitt1247,-22.7952,139.983,171.0
wang1289,Wanggamala,wang1289,-24.7022,137.433,105.0
kuun1236,Kuungkari of Barcoo River,kuun1236,-24.75108713,143.5365228,298.0
pirr1240,Pirriya,pirr1240,-25.48006595,142.5485119,122.0
badi1246,Badimaya,badi1246,-29.0647,117.246,308.0
malg1242,Malgana,malg1242,-26.211,114.245,17.0
nhan1238,Nhanda,nhan1238,-27.42523643,114.2680442,170.0
waja1257,Wajarri,waja1257,-28.1761,117.153,426.0
ying1247,Yinggarda,ying1247,-25.4446,115.58,221.0
cola1237,Colac,cola1237,-38.471266,143.422444,212.0
woiw1237,Woiwurrung,woiw1237,-37.64264501,145.5879962,369.0
wath1238,Wathawurrung,wath1238,-37.68777565,144.1013148,421.0
madh1244,Madhi Madhi,madh1244,-34.5,143.5,66.0
west2443,Western Victoria,west2443,-34.13829932,143.6694397,66.0
wemb1241,Wemba Wemba,wemb1241,-35.445,144.09,74.0
gana1268,Birrdhawal,gana1268,-37.05,148.93,756.0
narr1259,Narrinyeri,narr1259,-36.2301,140.158,18.0
yith1234,Yitha Yitha,yith1234,-33.89,144.22,77.0
bidy1243,Bidyara,bidy1243,-25.555,146.147,350.0
gang1268,Gangulu,gang1268,-22.7637,149.416,233.0
biri1256,Biri,biri1256,-20.1494,146.67,235.0
dhar1248,Dharumbal,dhar1248,-23.307,150.593,294.0
gung1248,Gungabula,gung1248,-25.6896,148.604,421.0
kung1258,Kunggari,kung1258,-24.2182,143.222,157.0
guny1241,Gunya,guny1241,-27.0642,145.862,246.0
marg1253,Margany,marg1253,-26.789,144.892,275.0
gudj1237,Gudjal,gudj1237,-19.44157406,144.6482584,598.0
gugu1253,Gugu Badhun,gugu1253,-18.4921,144.46,625.0
waru1264,Warrongo,waru1264,-18.2496,144.37,464.0
mang1383,Mangala,mang1383,-18.6597,123.769,111.0
guga1239,Gugadj,guga1239,-17.8372,141.168,9.0
mayi1236,Mayi-Kulan,mayi1236,-18.56,141.46,36.0
maya1280,Mayaguduna,maya1280,-18.1147,140.337,29.0
ngaw1240,Ngawun,ngaw1240,-19.4484,141.471,84.0
mayi1235,Mayi-Yapi,mayi1235,-19.25,140.61,61.0
kala1379,Kalarko,kala1379,-31.7154,118.911,454.0
ngad1258,Ngadjunmaya,ngad1258,-32.02447,124.46601,147.0
kari1304,Kariyarra,kari1304,-20.445,118.613,18.0
kurr1243,Kurrama,kurr1243,-22.2134,117.51,619.0
mart1255,Martuthunira,mart1255,-20.9294,116.607,26.0
ngar1287,Ngarluma,ngar1287,-20.9235,117.203,159.0
nhuw1239,Nhuwala,nhuw1239,-21.38154,115.74542,13.0
nyam1271,Nyamal,nyam1271,-21.6092,119.693,349.0
nija1241,Nyiyaparli,nija1241,-22.8558,120.831,504.0
pany1241,Panytyima,pany1241,-22.7816,118.723,728.0
yind1247,Yindjibarndi,yind1247,-21.5379,117.001,307.0
guri1247,Gurindji,guri1247,-17.0329,130.379,299.0
jaru1254,Jaru,jaru1254,-18.3288,128.262,392.0
mudb1240,Mudburra,mudb1240,-16.7694,132.329,277.0
ngar1235,Ngarinman,ngar1235,-15.4661,130.651,139.0
walm1241,Walmajarri,walm1241,-19.7229,126.113,273.0
warl1255,Warlmanpa,warl1255,-18.949,133.862,340.0
warl1254,Warlpiri,warl1254,-20.1008,131.05,380.0
nyaw1247,Nyawaygi,nyaw1247,-18.8743,146.216,43.0
wulg1239,Wulguru,wulg1239,-19.85103121,146.3453957,294.0
nyun1247,Nyunga,nyun1247,-33.1199,118.151,396.0
band1337,Bandjigali,band1337,-30.0771,143.282,175.0
darl1243,Paakantyi,darl1243,-32.7021,142.695,59.0
pall1243,Pallanganmiddang,pall1243,-35.03278179,149.3371079,756.0
aghu1254,Aghu Tharnggalu,aghu1254,-13.735,142.426,72.0
thay1248,Thaypan,thay1248,-14.8292,143.324,207.0
kawa1290,Kawarrang-Ogh Undjan,kawa1290,-16.1,142.5,55.0
angu1242,Anguthimri,angu1242,-12.395,141.755,3.0
gugu1255,Guugu Yimidhirr,gugu1255,-14.9424,144.831,172.0
mulu1243,Muluridyi,mulu1243,-17.0601,145.329,502.0
dyaa1242,Dyaabugay,dyaa1242,-16.596,145.388,406.0
barr1247,Barrow Point,barr1247,-14.1219,144.531,8.0
djan1238,Djangun,djan1238,-16.91051,144.93245,360.0
lamu1254,Lamalama,lamu1254,-14.559,143.977,6.0
mbar1253,Rimanggudhinma,mbar1253,-14.529,143.789,8.0
wikn1245,Wik-Ngathana,wikn1245,-13.8691,141.532,0.0
ayab1239,Yintyinka-Ayabadhu,ayab1239,-14.6652,142.893,136.0
wikn1246,Wikngenchera,wikn1246,-13.4957,141.599,10.0
kuuk1238,Kuuku-Ya'u,kuuk1238,-12.4947,143.165,93.0
paka1251,Pakanha,paka1251,-15.0908,142.74,82.0
umpi1239,Umpila,umpi1239,-13.1528,143.467,149.0
kokn1236,Kok-Nar,kokn1236,-16.181,141.608,9.0
gurd1238,Gurdjar,gurd1238,-17.1653,141.145,7.0
kuth1240,Kuthant,kuth1240,-17.4566,140.958,2.0
wala1263,Walangama,wala1263,-17.60243295,142.4891266,108.0
alng1239,Alngith,alng1239,-12.5324,141.938,27.0
arit1239,Aritinngitigh,arit1239,-12.50839255,142.138748,21.0
tyan1235,Tyanngayt-Mamngayt-Ntrwangayt-Ntrangit,tyan1235,-12.544,141.984,34.0
leni1238,Linngithigh,leni1238,-12.771375,141.962,29.0
mbiy1238,Mbiywom,mbiy1238,-12.89620501,142.2710997,47.0
ngko1236,Ngkoth,ngko1236,-12.740575,141.886762,18.0
atam1239,Atampaya,atam1239,-11.0018,142.273,6.0
angg1238,Angkamuthi,angg1238,-11.443,142.242,20.0
yadh1237,Yadhaykenu,yadh1237,-11.314,142.725,62.0
yinw1236,Yinwum,yinw1236,-12.52068956,142.7036225,47.0
gugu1254,Gugubera,gugu1254,-15.4296,141.635,3.0
thay1249,Thayore,thay1249,-14.8159,142.034,34.0
yiry1245,Yir-Yoront,yiry1245,-15.1117,141.767,3.0
wami1239,Wamin,wami1239,-18.3727,143.943,673.0
mbar1254,Mbara-Yanga,mbar1254,-19.29,142.475904,190.0
umbu1256,Umbuygamu,umbu1256,-14.25876,143.6305,42.0
adny1235,Adnyamathanha,adny1235,-30.1451,138.671,181.0
kaur1267,Kaurna,kaur1267,-34.34966141,138.4800794,37.0
nugu1241,Nugunu (Australia),nugu1241,-31.9899,133.908,73.0
wira1260,Wirangu-Nauo,wira1260,-31.6356,131.719,71.0
bang1339,Banggarla,bang1339,-33.3036,136.079,147.0
naru1238,Narungga,naru1238,-34.69,137.535,22.0
koka1244,Kokata,koka1244,-31.2052,136.813,157.0
gure1255,Gureng Gureng,gure1255,-25.3893,151.175,198.0
kabi1260,Kabikabi,kabi1260,-25.44486229,153.1539929,16.0
waka1274,Wakawaka,waka1274,-26.248,151.868,287.0
wuli1242,Wuliwuli,wuli1242,-24.415,149.843,98.0
bula1255,Bularnu,bula1255,-21.02656922,138.1566659,223.0
waga1260,Wagaya,waga1260,-20.329,137.623,211.0
warl1256,Warluwara,warl1256,-22.2909,138.738,156.0
waru1265,Warumungu,waru1265,-20.6479,134.375,465.0
yulp1239,Yulparija,yulp1239,-18.923519,122.370316,158.0
wanm1242,Wanman,wanm1242,-22.7078,122.325,417.0
kuka1246,Kukatja,kuka1246,-20.3321,127.666,334.0
ngar1296,Ngarla,ngar1296,-20.20748,119.30579,16.0
ngaa1240,Ngaanyatjarra,ngaa1240,-25.7514,127.602,517.0
pint1250,Pintupi-Luritja,pint1250,-23.2963,130.643,584.0
yank1247,Yankunytjatjara,yank1247,-26.4064,133.577,392.0
maly1234,Malyangapa,maly1234,-29.43,142.0,186.0
dhan1270,Dhangu,dhan1270,-11.9493,135.752,15.0
gupa1247,Gupapuyngu,gupa1247,-12.2868,135.337,33.0
djam1256,Djambarrpuyngu,djam1256,-12.021,135.59,32.0
guma1253,Gumatj,guma1253,-12.25254,136.83042,32.0
djin1253,Djinang,djin1253,-12.462,134.82,62.0
djin1252,Djinba,djin1252,-12.93,134.967,90.0
yann1237,Yan-nhangu,yann1237,-12.0853,134.877,8.0
rita1239,Ritarungo,rita1239,-13.4559,135.259,203.0
yort1237,Yorta Yorta,yort1237,-35.9,145.01,98.0
biga1237,Bigambal,biga1237,-28.266,149.515,234.0
yuga1244,Yugambal,yuga1244,-27.803,153.082,47.0
hawk1239,Hawkesbury,hawk1239,-33.11470744,150.4952383,505.0
sydn1236,Sydney,sydn1236,-33.52925837,150.3490464,906.0
awab1243,Awabakal,awab1243,-33.12847,151.43555,25.0
wori1245,Worimi,wori1245,-32.4806,152.107,79.0
ngan1296,Nganyaywana,ngan1296,-29.581,151.313,750.0
dyan1250,Dyangadi,dyan1250,-30.8469,152.602,198.0
djap1238,Djapu,djap1238,-12.879764,136.417978,45.0
thur1254,Thurawal,thur1254,-35.2853,147.475,231.0
dhur1239,Dhurga,dhur1239,-35.412,150.134,354.0
sout2771,Southern Coastal Yuin,sout2771,-37.06227181,149.7169306,330.0
gund1248,Gundungurra,gund1248,-33.7,150.3,999.0
ngar1297,Ngarigu,ngar1297,-36.23,149.13,820.0
sout2770,Southern Inland Yuin,sout2770,-36.30008261,148.7238073,1106.0
gang1267,Ganggalida,gang1267,-17.5446,139.426,1.0
kaya1319,Kayardild,kaya1319,-17.0695,139.489,2.0
lard1243,Lardil,lard1243,-16.56152,139.4343,9.0
wage1238,Wageman,wage1238,-13.8627,131.893,172.0
gamb1251,Gambera,gamb1251,-14.29546,126.27131,114.0
kwin1241,Kwini,kwin1241,-14.2515,126.562,4.0
wuna1249,Wunambal,wuna1249,-14.8347,125.72,207.0
umii1236,Umiida,umii1236,-16.615461,124.079216,121.0
ungg1243,Unggumi,ungg1243,-15.65,124.67,32.0
worr1237,Worrorra,worr1237,-15.612781,124.881218,8.0
yawi1239,Yawijibaya,yawi1239,-15.348087,124.529665,11.0
ward1246,Wardaman,ward1246,-15.4155,132.604,180.0
yang1288,Yangman,yang1288,-14.4964,132.52,154.0
guwa1243,Guwamu,guwa1243,-27.8289,148.867,247.0
